--
-- PostgreSQL database dump
--

\restrict Y0KuutJq5F2QOH6JyLgLQuAMFvMrji9DrJ8QaYrLJVSMgG2FTwF1oztMBLgrbCY

-- Dumped from database version 16.10 (Debian 16.10-1.pgdg13+1)
-- Dumped by pg_dump version 17.6 (Debian 17.6-1)

SET statement_timeout = 0;
SET lock_timeout = 0;
SET idle_in_transaction_session_timeout = 0;
SET transaction_timeout = 0;
SET client_encoding = 'UTF8';
SET standard_conforming_strings = on;
SELECT pg_catalog.set_config('search_path', '', false);
SET check_function_bodies = false;
SET xmloption = content;
SET client_min_messages = warning;
SET row_security = off;

SET default_tablespace = '';

SET default_table_access_method = heap;

--
-- Name: carro; Type: TABLE; Schema: public; Owner: uber
--

CREATE TABLE public.carro (
    id integer NOT NULL,
    placa character varying(7) NOT NULL,
    fabricante character varying(100) NOT NULL,
    modelo character varying(100) NOT NULL,
    km_start integer NOT NULL,
    km_end integer NOT NULL
);


ALTER TABLE public.carro OWNER TO uber;

--
-- Name: TABLE carro; Type: COMMENT; Schema: public; Owner: uber
--

COMMENT ON TABLE public.carro IS 'tabela de carros';


--
-- Name: COLUMN carro.id; Type: COMMENT; Schema: public; Owner: uber
--

COMMENT ON COLUMN public.carro.id IS 'id do carro';


--
-- Name: COLUMN carro.placa; Type: COMMENT; Schema: public; Owner: uber
--

COMMENT ON COLUMN public.carro.placa IS 'placa do carro';


--
-- Name: COLUMN carro.fabricante; Type: COMMENT; Schema: public; Owner: uber
--

COMMENT ON COLUMN public.carro.fabricante IS 'fabricante do carro';


--
-- Name: COLUMN carro.modelo; Type: COMMENT; Schema: public; Owner: uber
--

COMMENT ON COLUMN public.carro.modelo IS 'modelo do carro';


--
-- Name: COLUMN carro.km_start; Type: COMMENT; Schema: public; Owner: uber
--

COMMENT ON COLUMN public.carro.km_start IS 'km inicial do carro';


--
-- Name: COLUMN carro.km_end; Type: COMMENT; Schema: public; Owner: uber
--

COMMENT ON COLUMN public.carro.km_end IS 'km final do carro';


--
-- Name: carro_id_seq; Type: SEQUENCE; Schema: public; Owner: uber
--

CREATE SEQUENCE public.carro_id_seq
    AS integer
    START WITH 1
    INCREMENT BY 1
    NO MINVALUE
    NO MAXVALUE
    CACHE 1;


ALTER SEQUENCE public.carro_id_seq OWNER TO uber;

--
-- Name: carro_id_seq; Type: SEQUENCE OWNED BY; Schema: public; Owner: uber
--

ALTER SEQUENCE public.carro_id_seq OWNED BY public.carro.id;


--
-- Name: movimento; Type: TABLE; Schema: public; Owner: uber
--

CREATE TABLE public.movimento (
    id integer NOT NULL,
    tipo integer NOT NULL,
    carro integer NOT NULL,
    data_move timestamp without time zone DEFAULT CURRENT_TIMESTAMP NOT NULL,
    data timestamp without time zone NOT NULL,
    odometro integer DEFAULT 0 NOT NULL,
    tempo time without time zone DEFAULT '00:00:00'::time without time zone NOT NULL,
    distancia double precision DEFAULT 0 NOT NULL,
    ponto integer DEFAULT 0 NOT NULL,
    valor double precision DEFAULT 0 NOT NULL,
    litros double precision DEFAULT 0 NOT NULL
);


ALTER TABLE public.movimento OWNER TO uber;

--
-- Name: TABLE movimento; Type: COMMENT; Schema: public; Owner: uber
--

COMMENT ON TABLE public.movimento IS 'tabela de movimentos';


--
-- Name: COLUMN movimento.id; Type: COMMENT; Schema: public; Owner: uber
--

COMMENT ON COLUMN public.movimento.id IS 'id do movimento';


--
-- Name: COLUMN movimento.tipo; Type: COMMENT; Schema: public; Owner: uber
--

COMMENT ON COLUMN public.movimento.tipo IS 'tipo do movimento';


--
-- Name: COLUMN movimento.carro; Type: COMMENT; Schema: public; Owner: uber
--

COMMENT ON COLUMN public.movimento.carro IS 'carro vinculado ao movimento';


--
-- Name: COLUMN movimento.data_move; Type: COMMENT; Schema: public; Owner: uber
--

COMMENT ON COLUMN public.movimento.data_move IS 'data da digitação do movimento';


--
-- Name: COLUMN movimento.data; Type: COMMENT; Schema: public; Owner: uber
--

COMMENT ON COLUMN public.movimento.data IS 'data do movimento';


--
-- Name: COLUMN movimento.odometro; Type: COMMENT; Schema: public; Owner: uber
--

COMMENT ON COLUMN public.movimento.odometro IS 'valor do odometro no momento';


--
-- Name: COLUMN movimento.tempo; Type: COMMENT; Schema: public; Owner: uber
--

COMMENT ON COLUMN public.movimento.tempo IS 'tempo gasto no percurso';


--
-- Name: COLUMN movimento.distancia; Type: COMMENT; Schema: public; Owner: uber
--

COMMENT ON COLUMN public.movimento.distancia IS 'distancia percorida';


--
-- Name: COLUMN movimento.ponto; Type: COMMENT; Schema: public; Owner: uber
--

COMMENT ON COLUMN public.movimento.ponto IS 'pontuação dada pelo serviço';


--
-- Name: COLUMN movimento.valor; Type: COMMENT; Schema: public; Owner: uber
--

COMMENT ON COLUMN public.movimento.valor IS 'valor do evento no movimento';


--
-- Name: COLUMN movimento.litros; Type: COMMENT; Schema: public; Owner: uber
--

COMMENT ON COLUMN public.movimento.litros IS 'Valor em litros do abastecimento';


--
-- Name: movimento_id_seq; Type: SEQUENCE; Schema: public; Owner: uber
--

CREATE SEQUENCE public.movimento_id_seq
    AS integer
    START WITH 1
    INCREMENT BY 1
    NO MINVALUE
    NO MAXVALUE
    CACHE 1;


ALTER SEQUENCE public.movimento_id_seq OWNER TO uber;

--
-- Name: movimento_id_seq; Type: SEQUENCE OWNED BY; Schema: public; Owner: uber
--

ALTER SEQUENCE public.movimento_id_seq OWNED BY public.movimento.id;


--
-- Name: tipo; Type: TABLE; Schema: public; Owner: uber
--

CREATE TABLE public.tipo (
    id integer NOT NULL,
    sigla character varying(1) NOT NULL,
    descricao character varying(100) NOT NULL,
    contabil real NOT NULL
);


ALTER TABLE public.tipo OWNER TO uber;

--
-- Name: TABLE tipo; Type: COMMENT; Schema: public; Owner: uber
--

COMMENT ON TABLE public.tipo IS 'tabela de tipos de movimento';


--
-- Name: COLUMN tipo.id; Type: COMMENT; Schema: public; Owner: uber
--

COMMENT ON COLUMN public.tipo.id IS 'id do tipo';


--
-- Name: COLUMN tipo.sigla; Type: COMMENT; Schema: public; Owner: uber
--

COMMENT ON COLUMN public.tipo.sigla IS 'sigla do tipo';


--
-- Name: COLUMN tipo.descricao; Type: COMMENT; Schema: public; Owner: uber
--

COMMENT ON COLUMN public.tipo.descricao IS 'descricao';


--
-- Name: COLUMN tipo.contabil; Type: COMMENT; Schema: public; Owner: uber
--

COMMENT ON COLUMN public.tipo.contabil IS 'calculo contabil';


--
-- Name: tipo_id_seq; Type: SEQUENCE; Schema: public; Owner: uber
--

CREATE SEQUENCE public.tipo_id_seq
    AS integer
    START WITH 1
    INCREMENT BY 1
    NO MINVALUE
    NO MAXVALUE
    CACHE 1;


ALTER SEQUENCE public.tipo_id_seq OWNER TO uber;

--
-- Name: tipo_id_seq; Type: SEQUENCE OWNED BY; Schema: public; Owner: uber
--

ALTER SEQUENCE public.tipo_id_seq OWNED BY public.tipo.id;


--
-- Name: view_km; Type: VIEW; Schema: public; Owner: uber
--

CREATE VIEW public.view_km AS
 SELECT carro,
    max(odometro) AS km_percorrido
   FROM public.movimento
  WHERE (odometro > 0)
  GROUP BY carro;


ALTER VIEW public.view_km OWNER TO uber;

--
-- Name: view_percurso_diario; Type: VIEW; Schema: public; Owner: uber
--

CREATE VIEW public.view_percurso_diario AS
 SELECT data,
    carro,
    percorrido
   FROM ( SELECT date(m.data) AS data,
            m.carro,
            m.odometro,
            lag(m.odometro, 1, 0) OVER (ORDER BY m.data, m.carro) AS lagkm,
            lag(m.carro, 1, 0) OVER (ORDER BY m.data, m.carro) AS carro_ant,
                CASE
                    WHEN (lag(m.carro, 1, 0) OVER (ORDER BY m.data, m.carro) = m.carro) THEN (m.odometro - lag(m.odometro, 1, 0) OVER (ORDER BY m.data, m.carro))
                    ELSE 0
                END AS percorrido
           FROM public.movimento m
          WHERE (m.odometro > 0)) calc
  WHERE (percorrido > 0);


ALTER VIEW public.view_percurso_diario OWNER TO uber;

--
-- Name: view_resultado_dia; Type: VIEW; Schema: public; Owner: uber
--

CREATE VIEW public.view_resultado_dia AS
 SELECT to_char(m.data, 'DD/MM/YYYY'::text) AS data,
    t.descricao,
    c.placa,
    sum(m.distancia) AS km_total,
    sum((m.tempo)::interval) AS tempo_total,
    sum(m.valor) AS valor_dia,
        CASE
            WHEN ((sum(m.valor) > (0)::double precision) AND (sum((m.tempo)::interval) > '00:00:00'::interval)) THEN (sum(m.valor) / (EXTRACT(epoch FROM sum((m.tempo)::interval)))::double precision)
            ELSE (0)::double precision
        END AS valorhora,
        CASE
            WHEN ((sum(m.valor) > (0)::double precision) AND (sum(m.distancia) > (0)::double precision)) THEN (sum(m.valor) / sum(m.distancia))
            ELSE (0)::double precision
        END AS valorkm
   FROM ((public.movimento m
     JOIN public.carro c ON ((m.carro = c.id)))
     JOIN public.tipo t ON (((m.tipo = t.id) AND (t.contabil = (1)::double precision))))
  GROUP BY (to_char(m.data, 'DD/MM/YYYY'::text)), t.descricao, c.placa
  ORDER BY (to_char(m.data, 'DD/MM/YYYY'::text));


ALTER VIEW public.view_resultado_dia OWNER TO uber;

--
-- Name: view_resumo_carro; Type: VIEW; Schema: public; Owner: uber
--

CREATE VIEW public.view_resumo_carro AS
 SELECT movimento.carro,
    min(movimento.odometro) AS inicio,
    max(movimento.odometro) AS fim,
    (max(movimento.odometro) - min(movimento.odometro)) AS uso
   FROM public.movimento
  WHERE (movimento.odometro > 0)
  GROUP BY movimento.carro
UNION
 SELECT 99 AS carro,
    0 AS inicio,
    0 AS fim,
    sum(sub.uso) AS uso
   FROM ( SELECT (max(movimento.odometro) - min(movimento.odometro)) AS uso
           FROM public.movimento
          WHERE (movimento.odometro > 0)
          GROUP BY movimento.carro) sub
  ORDER BY 1;


ALTER VIEW public.view_resumo_carro OWNER TO uber;

--
-- Name: carro id; Type: DEFAULT; Schema: public; Owner: uber
--

ALTER TABLE ONLY public.carro ALTER COLUMN id SET DEFAULT nextval('public.carro_id_seq'::regclass);


--
-- Name: movimento id; Type: DEFAULT; Schema: public; Owner: uber
--

ALTER TABLE ONLY public.movimento ALTER COLUMN id SET DEFAULT nextval('public.movimento_id_seq'::regclass);


--
-- Name: tipo id; Type: DEFAULT; Schema: public; Owner: uber
--

ALTER TABLE ONLY public.tipo ALTER COLUMN id SET DEFAULT nextval('public.tipo_id_seq'::regclass);


--
-- Data for Name: carro; Type: TABLE DATA; Schema: public; Owner: uber
--

COPY public.carro (id, placa, fabricante, modelo, km_start, km_end) FROM stdin;
3	TBO8F92	Renault	Kwid	761	10744
2	SUO8E60	Renault	Kwid	32243	33142
1	TIT1D52	Renault	Kwid	11734	14240
\.


--
-- Data for Name: movimento; Type: TABLE DATA; Schema: public; Owner: uber
--

COPY public.movimento (id, tipo, carro, data_move, data, odometro, tempo, distancia, ponto, valor, litros) FROM stdin;
1	8	1	2025-09-05 04:11:39	2025-07-04 00:00:00	0	00:00:00	0	0	74.1	0
2	8	1	2025-09-05 04:11:39	2025-07-04 15:36:00	0	00:13:56	4.26	1	10.23	0
3	8	1	2025-09-05 04:11:39	2025-07-04 16:05:00	0	00:02:42	0.55	1	9.89	0
4	8	1	2025-09-05 04:11:39	2025-07-04 16:18:00	0	00:26:31	8.53	1	18.72	0
5	8	1	2025-09-05 04:11:39	2025-07-04 16:51:00	0	00:17:22	4.88	2	17.04	0
6	8	1	2025-09-05 04:11:39	2025-07-04 17:16:00	0	00:12:06	3.48	2	9.97	0
7	8	1	2025-09-05 04:11:39	2025-07-04 17:38:00	0	00:38:08	8.81	2	29.69	0
8	8	1	2025-09-05 04:11:39	2025-07-04 18:28:00	0	00:30:16	8.07	2	21.59	0
9	8	1	2025-09-05 04:11:39	2025-07-04 19:00:00	0	00:24:26	9.34	2	21.87	0
10	8	1	2025-09-05 04:11:39	2025-07-04 19:30:00	0	00:36:48	13.81	2	29.15	0
11	8	1	2025-09-05 04:11:39	2025-07-04 20:13:00	12085	00:51:37	39.78	2	49.9	0
13	8	1	2025-09-05 04:11:39	2025-07-05 07:53:00	0	00:37:49	14.22	1	34.65	0
14	8	1	2025-09-05 04:11:39	2025-07-05 08:40:00	0	00:04:03	1.49	1	7.39	0
15	8	1	2025-09-05 04:11:39	2025-07-05 08:53:00	0	00:09:16	3.3	1	13.77	0
16	8	1	2025-09-05 04:11:39	2025-07-05 09:09:00	0	00:02:56	0.93	1	6.16	0
17	8	1	2025-09-05 04:11:39	2025-07-05 09:18:00	0	00:08:41	3.73	1	8.54	0
18	8	1	2025-09-05 04:11:39	2025-07-05 09:29:00	0	00:31:39	12.6	1	28.59	0
19	8	1	2025-09-05 04:11:39	2025-07-05 10:09:00	0	00:14:16	4.35	1	11.68	0
20	8	1	2025-09-05 04:11:39	2025-07-05 10:29:00	0	00:24:47	8.33	1	17.05	0
21	8	1	2025-09-05 04:11:39	2025-07-05 10:58:00	0	00:25:58	7.74	1	17.49	0
22	8	1	2025-09-05 04:11:39	2025-07-05 11:25:00	0	00:43:16	11.12	1	24.63	0
23	8	1	2025-09-05 04:11:39	2025-07-05 12:19:00	0	00:41:39	21.6	1	36.97	0
24	8	1	2025-09-05 04:11:39	2025-07-05 13:03:00	0	00:16:32	3.77	1	8.32	0
25	8	1	2025-09-05 04:11:39	2025-07-05 13:21:00	0	00:31:01	9.86	1	24.01	0
26	8	1	2025-09-05 04:11:39	2025-07-05 14:05:00	0	00:06:09	1.78	1	13.19	0
27	8	1	2025-09-05 04:11:39	2025-07-05 14:13:00	0	00:18:17	7.52	1	18.95	0
28	8	1	2025-09-05 04:11:39	2025-07-05 14:56:00	12196	00:13:32	4.12	1	15.88	0
29	8	1	2025-09-05 04:11:39	2025-07-06 12:58:00	0	00:19:57	7.11	1	21.14	0
30	8	1	2025-09-05 04:11:39	2025-07-06 13:25:00	0	00:21:43	6.54	1	16.6	0
31	8	1	2025-09-05 04:11:39	2025-07-06 13:43:00	0	00:12:10	4.24	1	13.15	0
32	8	1	2025-09-05 04:11:39	2025-07-06 14:03:00	0	00:35:19	12.02	1	14.96	0
33	8	1	2025-09-05 04:11:39	2025-07-06 14:44:00	0	00:28:58	14.71	1	32.02	0
34	8	1	2025-09-05 04:11:39	2025-07-06 15:42:00	0	00:04:02	1.62	1	7.87	0
35	8	1	2025-09-05 04:11:39	2025-07-06 15:53:00	0	00:27:12	10.81	1	21.52	0
36	8	1	2025-09-05 04:11:39	2025-07-06 16:21:00	0	00:12:57	5.16	1	10.96	0
37	8	1	2025-09-05 04:11:39	2025-07-06 16:39:00	0	00:05:39	1.9	1	9.87	0
38	8	1	2025-09-05 04:11:39	2025-07-06 16:52:00	0	00:12:12	4.67	1	12.73	0
39	8	1	2025-09-05 04:11:39	2025-07-06 17:07:00	0	00:24:35	10.93	1	24.23	0
40	8	1	2025-09-05 04:11:39	2025-07-06 17:39:00	0	00:16:51	4.02	1	15.87	0
41	8	1	2025-09-05 04:11:39	2025-07-06 18:01:00	0	00:32:01	10.59	1	45.03	0
42	8	1	2025-09-05 04:11:39	2025-07-06 19:02:00	0	01:06:00	36.57	1	67.6	0
43	8	1	2025-09-05 04:11:39	2025-07-06 20:14:00	0	00:19:41	6.4	1	17	0
44	8	1	2025-09-05 04:11:39	2025-07-06 20:44:00	0	00:06:31	1.67	1	8.27	0
45	8	1	2025-09-05 04:11:39	2025-07-06 20:57:00	0	00:07:03	2.32	1	8.32	0
46	8	1	2025-09-05 04:11:39	2025-07-06 21:06:00	0	00:25:43	11.08	1	22.14	0
47	8	1	2025-09-05 04:11:39	2025-07-06 21:30:00	0	00:39:02	17.65	1	33.24	0
48	8	1	2025-09-05 04:11:39	2025-07-06 22:16:00	0	00:11:15	5.28	1	14.08	0
49	8	1	2025-09-05 04:11:39	2025-07-06 22:29:00	12307	00:29:44	11.08	1	27.65	0
51	8	1	2025-09-05 04:11:39	2025-07-07 11:32:00	0	00:24:55	10.13	1	15.97	0
52	8	1	2025-09-05 04:11:39	2025-07-07 11:59:00	0	00:22:26	6.11	1	12.25	0
53	8	1	2025-09-05 04:11:39	2025-07-07 12:31:00	0	00:13:28	4.63	1	17.98	0
54	8	1	2025-09-05 04:11:39	2025-07-07 12:49:00	0	00:14:41	7.84	1	22.25	0
55	8	1	2025-09-05 04:11:39	2025-07-07 13:22:00	0	00:14:01	5.06	1	13.37	0
56	8	1	2025-09-05 04:11:39	2025-07-07 13:45:00	0	00:12:24	5.04	1	11.37	0
57	8	1	2025-09-05 04:11:39	2025-07-07 14:09:00	0	00:18:16	7.57	1	12.46	0
58	8	1	2025-09-05 04:11:39	2025-07-07 14:25:00	0	00:32:27	14.25	1	23.35	0
59	8	1	2025-09-05 04:11:39	2025-07-07 15:44:00	0	00:19:29	6.21	1	14.04	0
60	8	1	2025-09-05 04:11:39	2025-07-07 16:20:00	12432	00:30:13	13.4	1	31.1	0
61	8	1	2025-09-05 04:11:39	2025-07-08 05:28:00	0	00:06:58	2.59	1	6.56	0
62	8	1	2025-09-05 04:11:39	2025-07-08 05:38:00	0	00:03:00	1.44	1	5.62	0
63	8	1	2025-09-05 04:11:39	2025-07-08 05:46:00	0	00:09:57	3.57	1	10.17	0
64	8	1	2025-09-05 04:11:39	2025-07-08 06:03:00	0	00:07:38	1.9	1	5.62	0
65	8	1	2025-09-05 04:11:39	2025-07-08 06:15:00	0	00:25:59	11.35	1	20.99	0
66	8	1	2025-09-05 04:11:39	2025-07-08 06:36:00	0	00:43:10	16.91	2	24.86	0
67	8	1	2025-09-05 04:11:39	2025-07-08 07:36:00	0	00:16:29	5.97	2	11.34	0
68	8	1	2025-09-05 04:11:39	2025-07-08 07:51:00	0	00:23:29	7.76	2	15.6	0
69	8	1	2025-09-05 04:11:39	2025-07-08 08:22:00	0	00:19:06	4.75	2	11.61	0
70	8	1	2025-09-05 04:11:39	2025-07-08 08:51:00	0	01:04:16	48.84	2	72.97	0
71	8	1	2025-09-05 04:11:39	2025-07-08 13:59:00	0	00:07:49	2.37	1	8.01	0
72	8	1	2025-09-05 04:11:39	2025-07-08 14:13:00	0	00:20:42	9.64	1	10.89	0
73	8	1	2025-09-05 04:11:39	2025-07-08 14:44:00	0	00:06:57	3.59	1	6.98	0
74	8	1	2025-09-05 04:11:39	2025-07-08 14:48:00	0	00:40:05	29.14	1	44.63	0
75	8	1	2025-09-05 04:11:39	2025-07-08 15:48:00	0	00:03:33	0.94	1	5.62	0
12	3	1	2025-09-05 04:11:39	2025-07-05 00:00:00	0	00:00:00	0	0	112.84	24.059
76	8	1	2025-09-05 04:11:39	2025-07-08 16:02:00	0	00:42:50	34.4	1	48.58	0
77	8	1	2025-09-05 04:11:39	2025-07-08 16:48:00	0	01:00:00	16.87	2	42.3	0
79	8	1	2025-09-05 04:11:39	2025-07-08 17:55:00	0	00:14:07	3.94	2	18.11	0
80	8	1	2025-09-05 04:11:39	2025-07-08 19:00:00	0	00:08:40	3.06	2	7.69	0
81	8	1	2025-09-05 04:11:40	2025-07-08 19:02:00	0	00:55:12	46.88	2	64.44	0
82	8	1	2025-09-05 04:11:40	2025-07-08 20:22:00	12910	00:35:39	20.31	1	32.89	0
83	8	1	2025-09-05 04:11:40	2025-07-09 11:59:00	0	00:04:34	1.75	1	5.75	0
84	8	1	2025-09-05 04:11:40	2025-07-09 12:12:00	0	00:13:56	9.48	1	16.39	0
85	8	1	2025-09-05 04:11:40	2025-07-09 12:37:00	0	00:27:44	17.31	1	26.84	0
86	8	1	2025-09-05 04:11:40	2025-07-09 13:16:00	0	00:35:46	16.44	1	24.04	0
87	8	1	2025-09-05 04:11:40	2025-07-09 14:00:00	0	00:08:42	2.88	1	6.97	0
88	8	1	2025-09-05 04:11:40	2025-07-09 14:14:00	0	00:09:04	3.37	1	7.16	0
89	8	1	2025-09-05 04:11:40	2025-07-09 14:25:00	0	00:12:06	6.15	1	10.16	0
90	8	1	2025-09-05 04:11:40	2025-07-09 14:34:00	0	00:07:47	3.47	1	8.16	0
91	8	1	2025-09-05 04:11:40	2025-07-09 14:55:00	0	00:15:59	5.3	1	10.16	0
92	8	1	2025-09-05 04:11:40	2025-07-09 15:46:00	0	00:25:26	9.32	1	14.89	0
93	8	1	2025-09-05 04:11:40	2025-07-09 16:16:00	0	00:12:10	3.36	1	11.15	0
94	8	1	2025-09-05 04:11:40	2025-07-09 16:31:00	0	00:02:14	0.77	1	5.62	0
95	8	1	2025-09-05 04:11:40	2025-07-09 16:42:00	0	00:09:06	3.7	1	9.17	0
96	8	1	2025-09-05 04:11:40	2025-07-09 17:00:00	0	00:04:51	1.46	2	5.62	0
97	8	1	2025-09-05 04:11:40	2025-07-09 17:05:00	0	00:04:33	1.43	2	9.34	0
98	8	1	2025-09-05 04:11:40	2025-07-09 17:16:00	0	00:05:36	2.62	2	6.84	0
99	8	1	2025-09-05 04:11:40	2025-07-09 17:38:00	0	01:08:00	41.07	2	82.29	0
100	8	1	2025-09-05 04:11:40	2025-07-09 18:57:00	0	00:11:17	4.62	2	12.83	0
101	8	1	2025-09-05 04:11:40	2025-07-09 19:11:00	0	00:43:06	16.57	2	31.24	0
103	8	1	2025-09-05 04:11:40	2025-07-09 20:00:00	0	00:23:18	8.79	1	21.22	0
104	8	1	2025-09-05 04:11:40	2025-07-09 20:38:00	0	00:27:45	12.11	1	24.35	0
105	8	1	2025-09-05 04:11:40	2025-07-09 21:15:00	0	00:04:32	1.63	1	8.25	0
106	8	1	2025-09-05 04:11:40	2025-07-09 21:24:00	0	00:04:55	1.74	1	9.2	0
107	8	1	2025-09-05 04:11:40	2025-07-09 21:30:00	0	00:06:57	2.28	1	8.62	0
108	8	1	2025-09-05 04:11:40	2025-07-09 21:47:00	0	00:11:35	3.14	1	11.1	0
109	8	1	2025-09-05 04:11:40	2025-07-09 22:07:00	0	00:04:21	1.5	1	7.18	0
110	8	1	2025-09-05 04:11:40	2025-07-09 22:13:00	0	00:10:47	3.14	1	11.57	0
111	8	1	2025-09-05 04:11:40	2025-07-09 22:34:00	0	00:06:58	2.73	1	14.9	0
112	8	1	2025-09-05 04:11:40	2025-07-09 22:54:00	0	00:03:36	1.24	1	11.24	0
113	8	1	2025-09-05 04:11:40	2025-07-09 23:26:00	13139	00:09:40	4.69	1	16.4	0
114	8	1	2025-09-05 04:11:40	2025-07-10 00:34:00	0	00:01:54	0.74	1	8.12	0
115	8	1	2025-09-05 04:11:40	2025-07-10 00:39:00	0	00:07:26	3.76	1	10.48	0
116	8	1	2025-09-05 04:11:40	2025-07-10 07:15:00	0	00:04:37	2.01	2	5.62	0
117	8	1	2025-09-05 04:11:40	2025-07-10 07:28:00	0	00:16:58	7.3	2	11.7	0
118	8	1	2025-09-05 04:11:40	2025-07-10 07:43:00	0	00:09:20	2.88	2	6.89	0
119	8	1	2025-09-05 04:11:40	2025-07-10 08:01:00	0	00:31:43	10.44	2	27.09	0
120	8	1	2025-09-05 04:11:40	2025-07-10 08:41:00	0	00:10:36	2.81	2	7.75	0
121	8	1	2025-09-05 04:11:40	2025-07-10 08:57:00	0	01:50:00	77.4	2	139.15	0
122	8	1	2025-09-05 04:11:40	2025-07-10 11:02:00	0	00:20:08	18.46	1	23.26	0
123	8	1	2025-09-05 04:11:40	2025-07-10 11:36:00	0	00:05:39	1	1	6.09	0
124	8	1	2025-09-05 04:11:40	2025-07-10 11:54:00	0	00:07:19	3.51	1	6.74	0
125	8	1	2025-09-05 04:11:40	2025-07-10 13:03:00	0	00:03:37	1.12	1	5.89	0
126	8	1	2025-09-05 04:11:40	2025-07-10 13:14:00	0	00:21:18	11.16	1	15.68	0
128	8	1	2025-09-05 04:11:40	2025-07-10 14:07:00	13389	00:15:10	4.58	1	10.15	0
129	8	1	2025-09-05 04:11:40	2025-07-11 05:29:00	0	00:13:24	5.8	1	10.19	0
130	8	1	2025-09-05 04:11:40	2025-07-11 05:51:00	0	00:23:16	11.77	1	19.89	0
131	8	1	2025-09-05 04:11:40	2025-07-11 06:33:00	0	00:04:58	1.7	1	5.62	0
132	8	1	2025-09-05 04:11:40	2025-07-11 06:44:00	0	00:06:31	2.04	1	6.58	0
133	8	1	2025-09-05 04:11:40	2025-07-11 06:35:00	0	00:05:53	1.58	1	5.62	0
134	8	1	2025-09-05 04:11:40	2025-07-11 07:07:00	0	00:35:52	15.69	2	25.52	0
135	8	1	2025-09-05 04:11:40	2025-07-11 07:49:00	0	00:11:44	3.9	2	10.8	0
136	8	1	2025-09-05 04:11:40	2025-07-11 08:16:00	0	00:08:48	4.49	2	9.79	0
137	8	1	2025-09-05 04:11:40	2025-07-11 08:50:00	0	00:10:00	4.14	2	10.57	0
138	8	1	2025-09-05 04:11:40	2025-07-11 14:41:00	0	00:45:10	18.11	1	25.78	0
139	8	1	2025-09-05 04:11:40	2025-07-11 15:37:00	0	00:06:49	1.73	1	7.37	0
140	8	1	2025-09-05 04:11:40	2025-07-11 15:50:00	0	00:06:11	1.73	1	9.2	0
141	8	1	2025-09-05 04:11:40	2025-07-11 15:57:00	0	00:43:27	7.23	1	29.41	0
142	8	1	2025-09-05 04:11:40	2025-07-11 16:57:00	0	00:20:37	6.72	2	19.75	0
143	8	1	2025-09-05 04:11:40	2025-07-11 17:20:00	0	00:08:08	1.21	2	7.61	0
144	8	1	2025-09-05 04:11:40	2025-07-11 17:39:00	0	00:25:27	6.02	2	18.5	0
145	8	1	2025-09-05 04:11:40	2025-07-11 18:09:00	0	00:41:44	10.74	2	34.75	0
146	8	1	2025-09-05 04:11:40	2025-07-11 19:03:00	0	00:12:02	4.09	2	11.3	0
147	8	1	2025-09-05 04:11:40	2025-07-11 19:30:00	0	00:06:03	1.87	2	8.25	0
148	8	1	2025-09-05 04:11:40	2025-07-11 19:42:00	0	00:11:27	3.71	2	10.09	0
149	8	1	2025-09-05 04:11:40	2025-07-11 19:57:00	0	00:03:33	0.67	2	5.62	0
150	8	1	2025-09-05 04:11:40	2025-07-11 20:07:00	0	00:19:53	7.7	2	17.22	0
127	3	1	2025-09-05 04:11:40	2025-07-10 14:03:00	0	00:00:00	0	0	122.15	32.401
102	3	1	2025-09-05 04:11:40	2025-07-09 19:40:00	0	00:00:00	0	0	102.26	25.63
151	8	1	2025-09-05 04:11:40	2025-07-11 20:34:00	0	00:08:59	3.04	2	8.54	0
152	8	1	2025-09-05 04:11:40	2025-07-11 20:52:00	0	00:48:58	32.06	2	67.77	0
153	8	1	2025-09-05 04:11:40	2025-07-11 22:14:00	0	00:09:50	3.57	2	13.35	0
154	8	1	2025-09-05 04:11:40	2025-07-11 22:32:00	13674	00:13:54	6.07	2	10.56	0
156	8	1	2025-09-05 04:11:40	2025-07-12 12:26:00	0	01:08:00	27.48	1	45.88	0
157	8	1	2025-09-05 04:11:40	2025-07-12 13:46:00	0	00:06:03	1.87	1	7.82	0
158	8	1	2025-09-05 04:11:40	2025-07-12 13:57:00	0	00:44:58	21.21	1	35.57	0
159	8	1	2025-09-05 04:11:40	2025-07-12 14:49:00	0	00:06:39	2.29	1	5.95	0
160	8	1	2025-09-05 04:11:40	2025-07-12 14:58:00	0	00:08:13	2.93	1	7.8	0
161	8	1	2025-09-05 04:11:40	2025-07-12 15:09:00	0	00:36:31	13.11	1	23.6	0
162	8	1	2025-09-05 04:11:40	2025-07-12 16:09:00	0	00:42:59	18.11	1	31.33	0
163	8	1	2025-09-05 04:11:40	2025-07-12 17:11:00	0	00:09:09	3.76	1	16.74	0
164	8	1	2025-09-05 04:11:40	2025-07-12 17:35:00	0	00:11:06	4.93	1	13.18	0
165	8	1	2025-09-05 04:11:40	2025-07-12 17:48:00	0	00:06:30	1.28	1	11.93	0
166	8	1	2025-09-05 04:11:40	2025-07-12 18:02:00	0	00:20:06	5.95	1	16.15	0
167	8	1	2025-09-05 04:11:40	2025-07-12 18:35:00	0	00:22:41	10	2	23.71	0
168	8	1	2025-09-05 04:11:40	2025-07-12 19:31:00	0	00:06:23	2.54	2	11.01	0
169	8	1	2025-09-05 04:11:40	2025-07-12 19:38:00	0	00:36:59	14.19	2	31.47	0
170	8	1	2025-09-05 04:11:40	2025-07-12 20:25:00	0	00:04:29	1.15	2	7.9	0
171	8	1	2025-09-05 04:11:40	2025-07-12 20:44:00	13884	00:36:08	0.69	2	33	0
172	8	1	2025-09-05 04:11:40	2025-07-14 05:28:00	0	00:12:00	4.7	1	11.31	0
173	8	1	2025-09-05 04:11:40	2025-07-14 05:47:00	0	00:06:04	1.81	1	7.14	0
174	8	1	2025-09-05 04:11:40	2025-07-14 06:05:00	0	00:15:49	11.43	1	18.25	0
175	8	1	2025-09-05 04:11:40	2025-07-14 06:30:00	0	00:11:10	6.5	1	22.64	0
176	8	1	2025-09-05 04:11:40	2025-07-14 06:50:00	0	00:10:34	3.62	2	8.75	0
177	8	1	2025-09-05 04:11:40	2025-07-14 07:15:00	0	00:07:24	1.55	2	11.1	0
178	8	1	2025-09-05 04:11:40	2025-07-14 07:37:00	0	00:03:54	1.42	2	10.07	0
179	8	1	2025-09-05 04:11:40	2025-07-14 07:53:00	0	00:09:12	3.19	2	12.31	0
180	8	1	2025-09-05 04:11:40	2025-07-14 08:19:00	0	00:04:27	1.49	2	6.54	0
181	8	1	2025-09-05 04:11:40	2025-07-14 08:30:00	0	00:06:08	2.07	2	5.79	0
182	8	1	2025-09-05 04:11:40	2025-07-14 08:46:00	0	00:15:53	5.28	2	10.52	0
183	8	1	2025-09-05 04:11:40	2025-07-14 09:03:00	0	00:09:52	3.46	2	9.25	0
184	8	1	2025-09-05 04:11:40	2025-07-14 09:18:00	0	00:15:03	4.66	2	11.7	0
185	8	1	2025-09-05 04:11:40	2025-07-14 09:44:00	13985	00:05:22	1.47	2	5.62	0
186	8	1	2025-09-05 04:11:40	2025-07-15 16:06:00	0	00:15:25	6.54	1	15.06	0
187	8	1	2025-09-05 04:11:40	2025-07-15 16:36:00	0	00:15:40	5.26	1	13.17	0
188	8	1	2025-09-05 04:11:40	2025-07-15 17:00:00	0	00:21:45	9.11	2	21.3	0
189	8	1	2025-09-05 04:11:40	2025-07-15 17:36:00	0	00:04:19	0.98	2	5.62	0
190	8	1	2025-09-05 04:11:40	2025-07-15 17:42:00	0	00:08:51	2.53	2	8.59	0
191	8	1	2025-09-05 04:11:40	2025-07-15 18:00:00	0	00:09:11	3.11	2	11.3	0
192	8	1	2025-09-05 04:11:40	2025-07-15 18:30:00	0	00:07:19	2.44	2	8.84	0
193	8	1	2025-09-05 04:11:40	2025-07-15 18:47:00	0	00:15:21	6.66	2	13.81	0
194	8	1	2025-09-05 04:11:40	2025-07-15 19:08:00	0	00:06:30	2.11	2	8.19	0
195	8	1	2025-09-05 04:11:40	2025-07-15 19:29:00	0	00:06:12	2.85	2	7.41	0
196	8	1	2025-09-05 04:11:40	2025-07-15 19:40:00	0	00:07:17	2.54	2	11.48	0
197	8	1	2025-09-05 04:11:40	2025-07-15 19:52:00	0	00:05:17	2.29	2	14.26	0
198	8	1	2025-09-05 04:11:40	2025-07-15 20:26:00	0	00:09:56	3.52	1	11.72	0
199	8	1	2025-09-05 04:11:41	2025-07-15 20:44:00	14083	00:10:30	2.99	1	10.58	0
201	8	1	2025-09-05 04:11:41	2025-07-16 06:06:00	0	00:08:51	3.59	1	7.35	0
202	8	1	2025-09-05 04:11:41	2025-07-16 06:22:00	0	00:24:12	10.96	1	16.08	0
203	8	1	2025-09-05 04:11:41	2025-07-16 06:57:00	0	00:04:47	1.3	2	5.62	0
204	8	1	2025-09-05 04:11:41	2025-07-16 07:09:00	0	00:27:12	9.27	2	19.62	0
205	8	1	2025-09-05 04:11:41	2025-07-16 07:42:00	0	00:10:20	2.16	2	9.63	0
206	8	1	2025-09-05 04:11:41	2025-07-16 07:59:00	0	00:07:59	2.21	2	7.16	0
207	8	1	2025-09-05 04:11:41	2025-07-16 08:17:00	0	00:10:26	3.43	2	7.78	0
208	8	1	2025-09-05 04:11:41	2025-07-16 08:41:00	0	00:12:12	3.72	2	8.9	0
209	8	1	2025-09-05 04:11:41	2025-07-16 08:54:00	0	00:16:15	4.39	2	9.95	0
210	8	1	2025-09-05 04:11:41	2025-07-16 09:11:00	0	00:27:32	8.63	2	16.08	0
211	8	1	2025-09-05 04:11:41	2025-07-16 10:06:00	0	01:08:00	19.76	1	37.78	0
212	8	1	2025-09-05 04:11:41	2025-07-16 11:21:00	0	00:03:50	1.1	1	5.62	0
213	8	1	2025-09-05 04:11:41	2025-07-16 11:31:00	0	00:16:34	4.92	1	9.42	0
214	8	1	2025-09-05 04:11:41	2025-07-16 12:37:00	0	00:11:13	6.61	1	11.8	0
215	5	1	2025-09-05 04:11:41	2025-07-12 21:18:00	0	00:00:00	0	0	293.46	0
217	8	2	2025-09-05 04:11:41	2025-07-18 14:38:00	0	00:31:04	9.31	1	15.36	0
218	8	2	2025-09-05 04:11:41	2025-07-18 16:32:00	0	00:06:39	3.94	1	12.19	0
219	8	2	2025-09-05 04:11:41	2025-07-18 16:50:00	0	00:40:53	12.53	2	32.57	0
220	8	2	2025-09-05 04:11:41	2025-07-18 17:39:00	0	00:08:44	2.96	2	8.04	0
221	8	2	2025-09-05 04:11:41	2025-07-18 17:51:00	0	00:05:45	1.41	2	5.99	0
222	8	2	2025-09-05 04:11:41	2025-07-18 18:01:00	0	00:06:28	2.02	2	5.91	0
223	8	2	2025-09-05 04:11:41	2025-07-18 18:16:00	0	00:08:25	2.93	2	8.01	0
224	8	2	2025-09-05 04:11:41	2025-07-18 18:25:00	0	00:03:35	1.23	2	7.58	0
225	8	2	2025-09-05 04:11:41	2025-07-18 18:42:00	0	00:08:57	3.33	2	10.69	0
216	3	2	2025-09-05 04:11:41	2025-07-18 13:32:00	0	00:00:00	0	0	57.01	14.29
155	3	1	2025-09-05 04:11:40	2025-07-12 16:06:00	0	00:00:00	0	0	195.58	33.206
226	8	2	2025-09-05 04:11:41	2025-07-18 18:59:00	0	00:27:14	13.25	2	25.2	0
227	8	2	2025-09-05 04:11:41	2025-07-18 19:36:00	0	00:16:01	8.85	2	17.11	0
228	8	2	2025-09-05 04:11:41	2025-07-18 19:55:00	0	00:06:39	3.6	2	8.06	0
229	8	2	2025-09-05 04:11:41	2025-07-18 20:05:00	0	00:04:00	1.51	2	8.91	0
230	8	2	2025-09-05 04:11:41	2025-07-18 20:17:00	0	00:13:52	5.53	2	10.72	0
231	8	2	2025-09-05 04:11:41	2025-07-18 20:37:00	0	00:00:00	0	0	4.45	0
232	8	2	2025-09-05 04:11:41	2025-07-18 20:44:00	0	00:08:16	3.81	2	12.53	0
233	8	2	2025-09-05 04:11:41	2025-07-18 21:00:00	0	00:06:45	2.82	2	12.41	0
234	8	2	2025-09-05 04:11:41	2025-07-18 21:16:00	0	00:03:43	1.4	2	5.98	0
235	8	2	2025-09-05 04:11:41	2025-07-18 21:26:00	32274	00:11:36	4.57	2	13.42	0
237	8	2	2025-09-05 04:11:41	2025-07-19 10:28:00	0	00:06:29	1.95	1	6.71	0
238	8	2	2025-09-05 04:11:41	2025-07-19 10:52:00	0	00:06:46	2.35	1	7.93	0
239	8	2	2025-09-05 04:11:41	2025-07-19 16:09:00	0	00:09:44	2.73	1	7.64	0
240	8	2	2025-09-05 04:11:41	2025-07-19 16:24:00	0	00:30:31	8.57	1	19.35	0
241	8	2	2025-09-05 04:11:41	2025-07-19 17:06:00	0	00:11:00	3.39	1	15.24	0
242	8	2	2025-09-05 04:11:41	2025-07-19 17:24:00	0	00:15:44	5.23	1	14.83	0
243	8	2	2025-09-05 04:11:41	2025-07-19 17:46:00	0	00:23:17	6.93	1	22.81	0
244	8	2	2025-09-05 04:11:41	2025-07-19 18:17:00	0	00:07:15	1.86	1	10.73	0
245	8	2	2025-09-05 04:11:41	2025-07-19 18:30:00	0	00:17:48	6.11	2	21.67	0
246	8	2	2025-09-05 04:11:41	2025-07-19 19:07:00	0	00:16:52	5.39	2	15.35	0
247	8	2	2025-09-05 04:11:41	2025-07-19 19:28:00	0	00:17:58	5.36	2	17.13	0
248	8	2	2025-09-05 04:11:41	2025-07-19 19:49:00	0	00:07:45	2.59	2	11.48	0
249	8	2	2025-09-05 04:11:41	2025-07-19 20:22:00	0	00:09:07	3.4	2	13.86	0
250	8	2	2025-09-05 04:11:41	2025-07-19 20:54:00	0	00:06:47	1.7	2	8.14	0
251	8	2	2025-09-05 04:11:41	2025-07-19 21:08:00	0	00:06:26	2.17	2	7.35	0
252	8	2	2025-09-05 04:11:41	2025-07-19 21:28:00	0	00:09:43	3.45	2	10.77	0
253	8	2	2025-09-05 04:11:41	2025-07-19 21:42:00	0	00:05:29	1.69	2	12.61	0
254	8	2	2025-09-05 04:11:41	2025-07-19 21:55:00	32524	00:11:50	5.16	2	17.06	0
256	8	2	2025-09-05 04:11:41	2025-07-20 14:24:00	0	00:15:26	6.27	1	14.56	0
257	8	2	2025-09-05 04:11:41	2025-07-20 14:49:00	0	00:14:02	6.63	1	19.23	0
258	8	2	2025-09-05 04:11:41	2025-07-20 15:19:00	0	00:15:38	5.65	1	15.16	0
259	8	2	2025-09-05 04:11:41	2025-07-20 15:39:00	0	00:08:43	3.31	1	12.27	0
260	8	2	2025-09-05 04:11:41	2025-07-20 15:57:00	0	00:03:10	1.1	1	7.63	0
261	8	2	2025-09-05 04:11:41	2025-07-20 16:07:00	0	00:22:55	7.91	1	15.13	0
262	8	2	2025-09-05 04:11:41	2025-07-20 16:47:00	0	00:04:11	1.24	1	9.57	0
263	8	2	2025-09-05 04:11:41	2025-07-20 17:02:00	0	00:17:39	6.56	1	18.4	0
264	8	2	2025-09-05 04:11:41	2025-07-20 17:22:00	0	00:10:13	4.01	1	15.13	0
265	8	2	2025-09-05 04:11:41	2025-07-20 17:40:00	0	00:13:10	5.47	1	18.54	0
266	8	2	2025-09-05 04:11:41	2025-07-20 18:02:00	0	00:07:44	2.46	1	13.93	0
267	8	2	2025-09-05 04:11:41	2025-07-20 18:21:00	0	00:10:33	4.06	1	19.48	0
268	8	2	2025-09-05 04:11:41	2025-07-20 18:51:00	0	00:19:44	11.82	1	25.5	0
269	8	2	2025-09-05 04:11:41	2025-07-20 19:18:00	0	00:38:32	18.74	1	58.79	0
270	8	2	2025-09-05 04:11:41	2025-07-20 20:15:00	0	00:10:28	3.22	1	10.9	0
271	8	2	2025-09-05 04:11:41	2025-07-20 20:45:00	0	00:09:31	4.15	1	17.5	0
272	8	2	2025-09-05 04:11:41	2025-07-20 21:03:00	0	00:05:18	1.35	1	9.15	0
273	8	2	2025-09-05 04:11:41	2025-07-20 21:22:00	0	00:07:24	3.73	1	11.4	0
274	8	2	2025-09-05 04:11:41	2025-07-20 21:38:00	0	00:08:54	3.28	1	12.19	0
275	8	2	2025-09-05 04:11:41	2025-07-20 21:56:00	0	00:10:29	6.21	1	15.52	0
276	8	2	2025-09-05 04:11:41	2025-07-20 22:16:00	0	00:23:22	6.01	1	17.03	0
277	8	2	2025-09-05 04:11:41	2025-07-20 22:58:00	0	00:04:21	1.6	1	7.63	0
278	8	2	2025-09-05 04:11:41	2025-07-20 23:13:00	0	00:05:41	2.2	1	8.19	0
279	8	2	2025-09-05 04:11:41	2025-07-20 23:24:00	32723	00:15:06	10.06	1	21.84	0
281	8	2	2025-09-05 04:11:41	2025-07-21 14:11:00	0	00:14:32	6.09	1	11.38	0
282	8	2	2025-09-05 04:11:41	2025-07-21 14:32:00	0	00:19:28	7	1	12.88	0
283	8	2	2025-09-05 04:11:41	2025-07-21 15:06:00	0	00:11:36	4.34	1	12.05	0
284	8	2	2025-09-05 04:11:41	2025-07-21 15:28:00	0	00:05:38	1.48	1	5.62	0
285	8	2	2025-09-05 04:11:41	2025-07-21 15:46:00	0	00:11:45	3.58	1	6.6	0
286	8	2	2025-09-05 04:11:41	2025-07-21 16:02:00	0	00:20:03	7.8	1	16.26	0
287	8	2	2025-09-05 04:11:41	2025-07-21 16:26:00	0	00:05:50	2.41	1	6.33	0
288	8	2	2025-09-05 04:11:41	2025-07-21 16:43:00	0	00:05:49	1.68	1	6.49	0
289	8	2	2025-09-05 04:11:41	2025-07-21 16:59:00	0	00:06:00	2.54	2	8.02	0
290	8	2	2025-09-05 04:11:41	2025-07-21 17:22:00	0	00:04:37	2.04	2	9.35	0
291	8	2	2025-09-05 04:11:41	2025-07-21 17:36:00	0	00:16:32	10.96	2	20.8	0
292	8	2	2025-09-05 04:11:41	2025-07-21 18:03:00	0	00:06:51	3.62	2	8.58	0
293	8	2	2025-09-05 04:11:41	2025-07-21 18:21:00	0	00:30:09	18.33	2	40.11	0
294	8	2	2025-09-05 04:11:41	2025-07-21 19:03:00	0	00:10:37	3.97	2	9.53	0
295	8	2	2025-09-05 04:11:41	2025-07-21 19:39:00	0	00:38:40	20.53	2	34.13	0
296	8	2	2025-09-05 04:11:41	2025-07-21 21:07:00	0	00:09:16	6.1	1	17.95	0
297	8	2	2025-09-05 04:11:41	2025-07-21 21:26:00	0	00:04:40	1.49	1	5.98	0
298	8	2	2025-09-05 04:11:41	2025-07-21 21:35:00	0	00:16:40	10.55	1	16.6	0
299	8	2	2025-09-05 04:11:41	2025-07-21 21:59:00	0	00:15:43	6.73	1	18.53	0
300	8	2	2025-09-05 04:11:41	2025-07-21 22:25:00	32960	00:05:58	2.5	1	6.82	0
236	3	2	2025-09-05 04:11:41	2025-07-19 20:48:00	0	00:00:00	0	0	127.84	30.511
255	3	2	2025-09-05 04:11:41	2025-07-20 22:46:00	0	00:00:00	0	0	127.54	30.586
301	8	2	2025-09-05 04:11:41	2025-07-23 14:04:00	0	00:49:50	19.03	1	31.18	0
302	8	2	2025-09-05 04:11:41	2025-07-23 15:06:00	0	00:06:18	1.46	1	5.62	0
303	8	2	2025-09-05 04:11:41	2025-07-23 15:13:00	0	00:06:56	1.94	1	5.98	0
304	8	2	2025-09-05 04:11:41	2025-07-23 15:23:00	0	00:06:49	1.58	1	5.62	0
305	8	2	2025-09-05 04:11:41	2025-07-23 15:36:00	0	00:06:08	1.73	1	5.62	0
306	8	2	2025-09-05 04:11:41	2025-07-23 15:50:00	0	00:10:40	2.93	1	7.17	0
307	8	2	2025-09-05 04:11:41	2025-07-23 16:07:00	0	00:12:03	2.83	1	8.31	0
308	8	2	2025-09-05 04:11:41	2025-07-23 16:22:00	0	00:17:07	4	1	9.71	0
309	8	2	2025-09-05 04:11:41	2025-07-23 16:40:00	0	00:11:16	3.6	2	13.41	0
310	8	2	2025-09-05 04:11:41	2025-07-23 17:00:00	0	00:28:37	5.79	2	14.87	0
311	8	2	2025-09-05 04:11:41	2025-07-23 17:39:00	0	00:16:04	4.33	2	17.37	0
312	8	2	2025-09-05 04:11:41	2025-07-23 17:58:00	0	00:48:58	5.65	2	17.76	0
313	8	2	2025-09-05 04:11:41	2025-07-23 19:11:00	0	00:20:50	9.38	2	19.66	0
314	8	2	2025-09-05 04:11:41	2025-07-23 19:41:00	0	00:19:29	6.67	2	13.24	0
315	8	2	2025-09-05 04:11:41	2025-07-23 20:05:00	0	00:07:31	2.5	1	9.16	0
316	8	2	2025-09-05 04:11:41	2025-07-23 20:20:00	0	00:14:45	6.37	1	11.98	0
317	8	2	2025-09-05 04:11:41	2025-07-23 20:44:00	0	00:08:27	2.05	1	5.62	0
318	8	2	2025-09-05 04:11:41	2025-07-23 21:00:00	0	00:27:37	11.24	1	21.73	0
319	8	2	2025-09-05 04:11:41	2025-07-23 21:43:00	0	00:07:44	2.32	1	7.19	0
320	8	2	2025-09-05 04:11:41	2025-07-23 22:02:00	0	00:14:56	5	1	17.15	0
321	8	2	2025-09-05 04:11:41	2025-07-23 22:32:00	0	00:07:50	2.91	1	9.54	0
322	8	2	2025-09-05 04:11:41	2025-07-23 22:54:00	0	00:11:32	4.27	1	10.97	0
323	8	2	2025-09-05 04:11:41	2025-07-23 23:14:00	33142	00:05:22	2.11	1	10.94	0
324	8	3	2025-09-05 04:11:41	2025-07-24 13:47:00	0	00:09:58	3.71	1	7.65	0
325	8	3	2025-09-05 04:11:41	2025-07-24 14:30:00	0	00:06:02	2.12	1	5.62	0
326	8	3	2025-09-05 04:11:41	2025-07-24 14:39:00	0	00:05:59	2.22	1	5.97	0
327	8	3	2025-09-05 04:11:41	2025-07-24 14:50:00	0	00:05:09	1.84	1	5.62	0
328	8	3	2025-09-05 04:11:41	2025-07-24 15:06:00	0	00:02:55	1.14	1	5.62	0
329	8	3	2025-09-05 04:11:41	2025-07-24 15:11:00	0	00:05:09	2.14	1	5.96	0
330	8	3	2025-09-05 04:11:41	2025-07-24 15:19:00	0	01:26:00	33.71	1	58.93	0
331	8	3	2025-09-05 04:11:42	2025-07-24 17:10:00	0	00:27:08	5.25	2	24.17	0
332	8	3	2025-09-05 04:11:42	2025-07-24 18:04:00	0	00:14:43	3.98	2	12.42	0
333	8	3	2025-09-05 04:11:42	2025-07-24 18:23:00	0	00:26:30	9.18	2	15.22	0
334	8	3	2025-09-05 04:11:42	2025-07-24 19:22:00	0	00:05:31	1.59	2	10.81	0
335	8	3	2025-09-05 04:11:42	2025-07-24 19:37:00	0	00:16:29	5.22	2	15.85	0
336	8	3	2025-09-05 04:11:42	2025-07-24 20:00:00	0	00:04:47	1.39	1	5.62	0
337	8	3	2025-09-05 04:11:42	2025-07-24 20:14:00	0	00:03:21	0.94	1	5.62	0
338	8	3	2025-09-05 04:11:42	2025-07-24 20:23:00	0	00:03:40	1	1	5.62	0
339	8	3	2025-09-05 04:11:42	2025-07-24 20:39:00	0	00:17:12	7.72	1	17.81	0
340	8	3	2025-09-05 04:11:42	2025-07-24 21:28:00	0	00:05:07	1.31	1	7.26	0
341	8	3	2025-09-05 04:11:42	2025-07-24 21:42:00	0	00:25:43	12.93	1	22.38	0
342	8	3	2025-09-05 04:11:42	2025-07-24 22:11:00	0	00:05:32	2.16	1	8.14	0
343	8	3	2025-09-05 04:11:42	2025-07-24 22:41:00	0	00:12:18	9.04	1	18.3	0
345	8	3	2025-09-05 04:11:42	2025-07-25 13:05:00	0	00:13:56	7.11	1	12.71	0
346	8	3	2025-09-05 04:11:42	2025-07-25 13:23:00	0	00:05:34	2.2	1	7.16	0
347	8	3	2025-09-05 04:11:42	2025-07-25 13:34:00	0	00:04:58	1.34	1	5.62	0
348	8	3	2025-09-05 04:11:42	2025-07-25 13:42:00	0	01:35:00	46.23	1	74.96	0
349	8	3	2025-09-05 04:11:42	2025-07-25 15:16:00	0	00:55:48	15.93	1	40.55	0
350	8	3	2025-09-05 04:11:42	2025-07-25 16:20:00	0	00:33:01	9.72	1	29.96	0
351	8	3	2025-09-05 04:11:42	2025-07-25 15:56:00	0	00:16:00	3.59	2	22.21	0
352	8	3	2025-09-05 04:11:42	2025-07-25 17:48:00	0	01:05:00	12.1	2	44.77	0
353	8	3	2025-09-05 04:11:42	2025-07-25 18:53:00	0	00:34:35	6.41	2	24.87	0
354	8	3	2025-09-05 04:11:42	2025-07-25 19:36:00	0	00:11:02	3.03	2	13.32	0
355	8	3	2025-09-05 04:11:42	2025-07-25 20:20:00	0	00:27:11	11.28	2	24.13	0
356	8	3	2025-09-05 04:11:42	2025-07-25 21:08:00	0	00:07:05	2.17	2	8.6	0
357	8	3	2025-09-05 04:11:42	2025-07-25 21:40:00	0	00:06:26	1.87	2	7.11	0
358	8	3	2025-09-05 04:11:42	2025-07-25 21:55:00	0	00:17:52	9.97	2	18.58	0
359	8	3	2025-09-05 04:11:42	2025-07-25 22:30:00	0	00:07:04	3.87	2	10.13	0
360	8	3	2025-09-05 04:11:42	2025-07-25 22:56:00	0	00:15:12	5.96	2	15.23	0
361	8	3	2025-09-05 04:11:42	2025-07-25 23:15:00	0	00:44:57	44.88	2	61.45	0
363	8	3	2025-09-05 04:11:42	2025-07-26 14:17:00	0	00:05:38	1.96	1	5.95	0
364	8	3	2025-09-05 04:11:42	2025-07-26 14:25:00	0	00:10:37	3.51	1	6.57	0
365	8	3	2025-09-05 04:11:42	2025-07-26 14:35:00	0	00:11:34	3.47	1	7.74	0
366	8	3	2025-09-05 04:11:42	2025-07-26 14:52:00	0	00:05:01	1.68	1	6.49	0
367	8	3	2025-09-05 04:11:42	2025-07-26 15:04:00	0	00:05:53	1.86	1	6.06	0
368	8	3	2025-09-05 04:11:42	2025-07-26 15:15:00	0	00:11:18	4.67	1	13.03	0
369	8	3	2025-09-05 04:11:42	2025-07-26 15:40:00	0	00:12:38	5.19	1	11.83	0
370	8	3	2025-09-05 04:11:42	2025-07-26 15:55:00	0	00:35:37	21.85	1	40.67	0
371	8	3	2025-09-05 04:11:42	2025-07-26 16:35:00	0	00:09:38	3.67	1	16.05	0
372	8	3	2025-09-05 04:11:42	2025-07-26 17:11:00	0	00:10:03	2.21	1	11.24	0
373	8	3	2025-09-05 04:11:42	2025-07-26 17:31:00	0	00:06:11	1.49	1	11.23	0
374	8	3	2025-09-05 04:11:42	2025-07-26 17:45:00	0	00:12:08	4.75	1	13.46	0
375	8	3	2025-09-05 04:11:42	2025-07-26 18:14:00	0	00:05:49	2.68	1	10.82	0
362	3	3	2025-09-05 04:11:42	2025-07-25 20:26:00	1228	00:00:00	0	0	146.01	31.133
376	8	3	2025-09-05 04:11:42	2025-07-26 18:20:00	0	00:15:50	6.11	1	16.42	0
377	8	3	2025-09-05 04:11:42	2025-07-26 18:49:00	0	00:05:11	1.31	2	7.94	0
378	8	3	2025-09-05 04:11:42	2025-07-26 18:59:00	0	00:07:23	2.25	2	6.69	0
379	8	3	2025-09-05 04:11:42	2025-07-26 19:07:00	0	00:27:33	12.98	2	30.84	0
380	8	3	2025-09-05 04:11:42	2025-07-26 19:40:00	0	00:33:26	13.56	2	28.4	0
381	8	3	2025-09-05 04:11:42	2025-07-26 20:22:00	0	00:08:39	2.85	2	9.09	0
382	8	3	2025-09-05 04:11:42	2025-07-26 20:37:00	0	00:06:22	1.99	2	8.75	0
383	8	3	2025-09-05 04:11:42	2025-07-26 20:47:00	0	00:05:23	2.01	2	7.78	0
384	8	3	2025-09-05 04:11:42	2025-07-26 20:58:00	0	00:14:00	6.19	2	11.56	0
385	8	3	2025-09-05 04:11:42	2025-07-26 21:17:00	0	00:07:44	3.85	2	16.48	0
386	8	3	2025-09-05 04:11:42	2025-07-26 21:33:00	1403	00:14:01	4.79	2	22.91	0
388	8	3	2025-09-05 04:11:42	2025-07-27 13:55:00	0	00:07:41	3.58	1	9.2	0
389	8	3	2025-09-05 04:11:42	2025-07-27 14:00:00	0	00:10:41	3.43	1	10.42	0
390	8	3	2025-09-05 04:11:42	2025-07-27 14:28:00	0	00:10:20	6.19	1	12.69	0
391	8	3	2025-09-05 04:11:42	2025-07-27 14:42:00	0	00:09:26	3.67	1	11.85	0
392	8	3	2025-09-05 04:11:42	2025-07-27 15:00:00	0	00:20:46	16.71	1	29.8	0
393	8	3	2025-09-05 04:11:42	2025-07-27 15:42:00	0	00:05:21	2.24	1	12.54	0
394	8	3	2025-09-05 04:11:42	2025-07-27 16:00:00	0	00:11:01	4.21	1	11.79	0
395	8	3	2025-09-05 04:11:42	2025-07-27 16:04:00	0	00:15:02	6.71	1	12.13	0
396	8	3	2025-09-05 04:11:42	2025-07-27 16:23:00	0	00:25:13	13.11	1	23.77	0
397	8	3	2025-09-05 04:11:42	2025-07-27 17:08:00	0	00:03:40	1.32	1	14.98	0
398	8	3	2025-09-05 04:11:42	2025-07-27 17:13:00	0	00:12:10	6.28	1	12.21	0
399	8	3	2025-09-05 04:11:42	2025-07-27 17:32:00	0	00:05:31	1.81	1	9.95	0
400	8	3	2025-09-05 04:11:42	2025-07-27 17:41:00	0	00:04:23	1.37	1	9.14	0
401	8	3	2025-09-05 04:11:42	2025-07-27 17:46:00	0	00:04:32	1.81	1	7.16	0
402	8	3	2025-09-05 04:11:42	2025-07-27 17:58:00	0	00:06:40	2.4	1	14.57	0
403	8	3	2025-09-05 04:11:42	2025-07-27 18:13:00	0	00:06:01	1.3	1	11.85	0
404	8	3	2025-09-05 04:11:42	2025-07-27 18:20:00	0	01:31:00	48.6	1	94.97	0
405	8	3	2025-09-05 04:11:42	2025-07-27 20:21:00	0	00:15:02	6.04	1	22.52	0
406	8	3	2025-09-05 04:11:42	2025-07-27 21:10:00	0	00:10:38	3.21	1	11.95	0
407	8	3	2025-09-05 04:11:42	2025-07-27 21:22:00	0	00:15:44	5.61	1	22.71	0
408	8	3	2025-09-05 04:11:42	2025-07-27 22:09:00	0	00:08:21	3.76	1	15.05	0
409	8	3	2025-09-05 04:11:42	2025-07-27 22:23:00	1645	00:16:23	8.78	1	27.79	0
411	8	3	2025-09-05 04:11:42	2025-07-28 13:08:00	0	00:04:29	2.21	1	5.62	0
412	8	3	2025-09-05 04:11:42	2025-07-28 13:12:00	0	00:09:14	3.35	1	6.3	0
413	8	3	2025-09-05 04:11:42	2025-07-28 13:31:00	0	00:08:33	2.88	1	7.27	0
414	8	3	2025-09-05 04:11:42	2025-07-28 13:47:00	0	00:11:04	4.3	1	8.35	0
415	8	3	2025-09-05 04:11:42	2025-07-28 13:58:00	0	00:07:32	2.68	1	6.28	0
416	8	3	2025-09-05 04:11:42	2025-07-28 14:15:00	0	00:09:12	4.28	1	5.95	0
417	8	3	2025-09-05 04:11:42	2025-07-28 14:32:00	0	00:12:29	4.7	1	8.72	0
418	8	3	2025-09-05 04:11:42	2025-07-28 17:41:00	0	00:47:27	15.68	2	41.4	0
419	8	3	2025-09-05 04:11:42	2025-07-28 18:43:00	0	00:08:09	1.68	2	7.14	0
420	8	3	2025-09-05 04:11:42	2025-07-28 19:06:00	0	00:05:29	1.41	2	6.87	0
421	8	3	2025-09-05 04:11:42	2025-07-28 19:47:00	0	00:12:17	4.49	2	11.73	0
422	8	3	2025-09-05 04:11:42	2025-07-28 20:16:00	0	00:18:54	12.3	1	23.04	0
423	8	3	2025-09-05 04:11:42	2025-07-28 20:56:00	0	00:05:40	1.36	1	8	0
424	8	3	2025-09-05 04:11:42	2025-07-28 21:52:00	0	00:08:45	2.82	1	6.5	0
425	8	3	2025-09-05 04:11:42	2025-07-28 22:03:00	0	00:11:00	3.48	1	9.83	0
426	8	3	2025-09-05 04:11:42	2025-07-28 22:25:00	0	00:13:22	4.16	1	14.91	0
427	8	3	2025-09-05 04:11:42	2025-07-28 23:00:00	1828	00:22:31	10.55	1	27.87	0
428	8	3	2025-09-05 04:11:42	2025-07-29 15:54:00	0	00:08:21	3.07	1	5.71	0
429	8	3	2025-09-05 04:11:42	2025-07-29 16:12:00	0	00:16:59	7.49	1	22.65	0
430	8	3	2025-09-05 04:11:42	2025-07-29 16:42:00	0	00:26:42	9.66	2	22.4	0
431	8	3	2025-09-05 04:11:42	2025-07-29 17:40:00	0	00:10:24	3.22	2	13.16	0
432	8	3	2025-09-05 04:11:42	2025-07-29 18:00:00	0	00:15:20	5.54	2	15.53	0
433	8	3	2025-09-05 04:11:42	2025-07-29 18:25:00	0	00:48:09	35.59	2	48.73	0
434	8	3	2025-09-05 04:11:42	2025-07-29 19:25:00	0	00:07:01	1.26	2	5.62	0
435	8	3	2025-09-05 04:11:42	2025-07-29 19:34:00	0	00:05:45	1.33	2	5.88	0
436	8	3	2025-09-05 04:11:42	2025-07-29 19:45:00	0	00:04:38	1.38	2	5.62	0
437	8	3	2025-09-05 04:11:42	2025-07-29 19:54:00	0	00:14:58	4.12	2	11.5	0
438	8	3	2025-09-05 04:11:42	2025-07-29 20:24:00	0	00:48:37	18.72	1	31.46	0
439	8	3	2025-09-05 04:11:42	2025-07-29 21:18:00	0	00:20:10	7.31	1	12.15	0
440	8	3	2025-09-05 04:11:42	2025-07-29 21:59:00	0	00:15:10	6.33	1	15.08	0
441	8	3	2025-09-05 04:11:42	2025-07-29 22:30:00	0	00:03:01	0.91	1	7.74	0
442	8	3	2025-09-05 04:11:42	2025-07-29 22:49:00	0	00:04:24	2.74	1	7.69	0
443	8	3	2025-09-05 04:11:42	2025-07-29 23:03:00	0	00:03:26	1.33	1	5.91	0
444	8	3	2025-09-05 04:11:42	2025-07-29 23:12:00	0	00:05:46	2.23	1	8.99	0
445	8	3	2025-09-05 04:11:42	2025-07-29 23:31:00	2009	00:06:15	3.1	1	8.08	0
447	8	3	2025-09-05 04:11:42	2025-07-30 14:26:00	0	00:11:02	3.54	1	7.36	0
448	8	3	2025-09-05 04:11:42	2025-07-30 14:50:00	0	00:44:34	15.48	1	25.38	0
449	8	3	2025-09-05 04:11:42	2025-07-30 15:46:00	0	00:22:12	12.83	1	22.63	0
450	8	3	2025-09-05 04:11:42	2025-07-30 16:16:00	0	00:18:19	8.57	1	17.89	0
410	3	3	2025-09-05 04:11:42	2025-07-28 22:49:00	0	00:00:00	0	0	130.02	32.587
387	3	3	2025-09-05 04:11:42	2025-07-27 13:54:00	0	00:00:00	0	0	161.01	26.88
451	8	3	2025-09-05 04:11:42	2025-07-30 16:48:00	0	00:32:18	9.85	2	25.17	0
452	8	3	2025-09-05 04:11:42	2025-07-30 17:25:00	0	00:25:24	7.82	2	18.45	0
453	8	3	2025-09-05 04:11:42	2025-07-30 17:59:00	0	01:30:00	18.55	2	46.29	0
454	8	3	2025-09-05 04:11:42	2025-07-30 19:44:00	0	00:17:42	4.81	2	13.6	0
455	8	3	2025-09-05 04:11:42	2025-07-30 20:32:00	0	00:13:51	3.48	1	10.11	0
456	8	3	2025-09-05 04:11:42	2025-07-30 21:00:00	0	00:07:45	2.61	1	7.43	0
457	8	3	2025-09-05 04:11:42	2025-07-30 21:11:00	0	00:17:02	5.89	1	16.19	0
458	8	3	2025-09-05 04:11:43	2025-07-30 21:50:00	0	00:12:49	4.58	1	12.09	0
459	8	3	2025-09-05 04:11:43	2025-07-30 22:12:00	2172	00:11:24	7.8	1	19.17	0
461	8	3	2025-09-05 04:11:43	2025-07-31 13:55:00	0	00:05:36	2.26	1	5.62	0
462	8	3	2025-09-05 04:11:43	2025-07-31 14:05:00	0	00:03:19	1.15	1	7.76	0
463	8	3	2025-09-05 04:11:43	2025-07-31 14:12:00	0	00:32:40	11.73	1	18.75	0
464	8	3	2025-09-05 04:11:43	2025-07-31 14:48:00	0	00:16:58	3.64	1	7.44	0
465	8	3	2025-09-05 04:11:43	2025-07-31 15:18:00	0	01:14:00	30.98	1	47.13	0
466	8	3	2025-09-05 04:11:43	2025-07-31 16:37:00	0	00:20:17	3.65	1	15.42	0
467	8	3	2025-09-05 04:11:43	2025-07-31 17:03:00	0	00:20:15	7.16	2	19.19	0
468	8	3	2025-09-05 04:11:43	2025-07-31 17:56:00	0	00:07:13	2.14	2	8.04	0
469	8	3	2025-09-05 04:11:43	2025-07-31 18:23:00	0	00:38:43	6.43	2	23.78	0
470	8	3	2025-09-05 04:11:43	2025-07-31 19:20:00	0	00:23:09	5.34	2	18.92	0
471	8	3	2025-09-05 04:11:43	2025-07-31 19:46:00	0	00:25:53	12.37	2	25.76	0
472	8	3	2025-09-05 04:11:43	2025-07-31 20:20:00	0	00:16:33	5.92	1	17.78	0
473	8	3	2025-09-05 04:11:43	2025-07-31 20:59:00	2308	00:11:42	4.65	1	14.85	0
474	8	3	2025-09-05 04:11:43	2025-08-01 17:12:00	0	00:15:43	2.57	2	10.89	0
475	8	3	2025-09-05 04:11:43	2025-08-01 17:32:00	0	00:32:48	8.5	2	24.05	0
476	8	3	2025-09-05 04:11:43	2025-08-01 18:04:00	0	00:22:25	5.86	2	15.23	0
477	8	3	2025-09-05 04:11:43	2025-08-01 18:36:00	0	00:33:04	11.48	2	29.7	0
478	8	3	2025-09-05 04:11:43	2025-08-01 19:23:00	0	00:19:16	5.84	2	15.16	0
479	8	3	2025-09-05 04:11:43	2025-08-01 19:48:00	0	00:17:23	7.6	2	20.75	0
480	8	3	2025-09-05 04:11:43	2025-08-01 20:20:00	0	00:05:29	1.69	2	5.93	0
481	8	3	2025-09-05 04:11:43	2025-08-01 20:50:00	0	00:22:28	11.77	2	25.87	0
482	8	3	2025-09-05 04:11:43	2025-08-01 21:46:00	0	00:12:07	4.05	2	12.75	0
483	8	3	2025-09-05 04:11:43	2025-08-01 22:03:00	0	00:12:09	4.28	2	12.63	0
484	8	3	2025-09-05 04:11:43	2025-08-01 22:22:00	0	00:15:18	7.65	2	14.54	0
485	8	3	2025-09-05 04:11:43	2025-08-01 22:36:00	0	00:19:26	7.48	2	13.43	0
486	8	3	2025-09-05 04:11:43	2025-08-01 23:12:00	0	00:13:40	4.91	2	13.59	0
487	8	3	2025-09-05 04:11:43	2025-08-01 23:30:00	2476	00:11:04	3.73	2	12.84	0
488	8	3	2025-09-05 04:11:43	2025-08-02 14:55:00	0	00:16:22	6.35	1	13.99	0
489	8	3	2025-09-05 04:11:43	2025-08-02 15:14:00	0	00:42:08	17.55	1	36.07	0
490	8	3	2025-09-05 04:11:43	2025-08-02 16:08:00	0	00:15:29	5.52	1	12.05	0
491	8	3	2025-09-05 04:11:43	2025-08-02 16:24:00	0	00:40:47	17.34	1	34.51	0
492	8	3	2025-09-05 04:11:43	2025-08-02 17:08:00	0	00:31:50	9.79	1	26.39	0
493	8	3	2025-09-05 04:11:43	2025-08-02 18:04:00	0	00:13:27	3.79	1	17.56	0
494	8	3	2025-09-05 04:11:43	2025-08-02 18:28:00	0	00:09:26	2.41	1	8.22	0
495	8	3	2025-09-05 04:11:43	2025-08-02 18:43:00	0	00:23:56	5.95	2	15.8	0
496	8	3	2025-09-05 04:11:43	2025-08-02 20:23:00	0	00:14:37	3.79	2	11.61	0
497	8	3	2025-09-05 04:11:43	2025-08-02 20:59:00	0	00:16:55	7.47	2	17.11	0
498	8	3	2025-09-05 04:11:43	2025-08-02 21:24:00	0	00:05:21	1.93	2	5.62	0
499	8	3	2025-09-05 04:11:43	2025-08-02 21:41:00	0	00:16:29	6.99	2	14.62	0
500	8	3	2025-09-05 04:11:43	2025-08-02 22:01:00	2653	00:39:52	15.4	2	36.61	0
502	8	3	2025-09-05 04:11:43	2025-08-03 16:07:00	0	00:26:26	10.12	1	17.81	0
503	8	3	2025-09-05 04:11:43	2025-08-03 16:46:00	0	00:15:36	4.35	1	14.55	0
504	8	3	2025-09-05 04:11:43	2025-08-03 17:16:00	0	00:19:38	8.87	1	19.4	0
505	8	3	2025-09-05 04:11:43	2025-08-03 17:41:00	0	00:31:55	10.47	1	27.72	0
506	8	3	2025-09-05 04:11:43	2025-08-03 18:28:00	0	00:09:32	3.03	1	11.99	0
507	8	3	2025-09-05 04:11:43	2025-08-03 18:43:00	0	00:15:22	4.59	1	14.75	0
508	8	3	2025-09-05 04:11:43	2025-08-03 19:09:00	0	00:00:00	0	0	4.55	0
509	8	3	2025-09-05 04:11:43	2025-08-03 19:22:00	0	00:19:07	9.28	1	22.45	0
510	8	3	2025-09-05 04:11:43	2025-08-03 19:46:00	0	00:35:42	17.38	1	31.41	0
511	8	3	2025-09-05 04:11:43	2025-08-03 20:27:00	0	00:05:56	2	1	7.89	0
512	8	3	2025-09-05 04:11:43	2025-08-03 20:38:00	2754	00:08:13	5.21	1	16.26	0
513	8	3	2025-09-05 04:11:43	2025-08-04 14:15:00	0	00:24:14	9.05	1	14.8	0
514	8	3	2025-09-05 04:11:43	2025-08-04 14:43:00	0	00:19:24	5.17	1	9.85	0
515	8	3	2025-09-05 04:11:43	2025-08-04 15:09:00	0	00:07:30	2.2	1	5.62	0
516	8	3	2025-09-05 04:11:43	2025-08-04 15:26:00	0	00:22:17	7.37	1	14.33	0
517	8	3	2025-09-05 04:11:43	2025-08-04 15:59:00	0	00:14:35	6.3	1	11.35	0
518	8	3	2025-09-05 04:11:43	2025-08-04 16:44:00	0	00:19:51	7.27	2	21.08	0
519	8	3	2025-09-05 04:11:43	2025-08-04 17:31:00	0	00:22:35	7.94	2	20.08	0
520	8	3	2025-09-05 04:11:43	2025-08-04 18:00:00	0	00:17:32	6.18	2	20.86	0
521	8	3	2025-09-05 04:11:43	2025-08-04 18:28:00	0	00:00:00	0	0	4.55	0
522	8	3	2025-09-05 04:11:43	2025-08-04 18:38:00	2843	00:14:52	5.6	2	15.77	0
524	8	3	2025-09-05 04:11:43	2025-08-05 15:04:00	0	00:17:49	7.83	1	12.9	0
525	8	3	2025-09-05 04:11:43	2025-08-05 15:29:00	0	00:06:10	1.64	1	6.37	0
501	3	3	2025-09-05 04:11:43	2025-08-03 16:09:00	0	00:00:00	0	0	121.42	20.271
460	3	3	2025-09-05 04:11:43	2025-08-01 20:43:00	0	00:00:00	0	0	188.05	30.38
526	8	3	2025-09-05 04:11:43	2025-08-05 15:34:00	0	00:09:19	2.88	1	6.98	0
527	8	3	2025-09-05 04:11:43	2025-08-05 15:52:00	0	00:03:30	1.41	1	5.62	0
528	8	3	2025-09-05 04:11:43	2025-08-05 16:01:00	0	00:08:36	2.57	1	7.52	0
529	8	3	2025-09-05 04:11:43	2025-08-05 16:12:00	0	00:10:15	2.63	1	10.97	0
530	8	3	2025-09-05 04:11:43	2025-08-05 16:29:00	0	00:35:32	15.42	2	32.83	0
531	8	3	2025-09-05 04:11:43	2025-08-05 17:12:00	0	00:08:33	3.41	2	14.05	0
532	8	3	2025-09-05 04:11:43	2025-08-05 17:30:00	0	00:04:16	1.24	2	7.37	0
533	8	3	2025-09-05 04:11:43	2025-08-05 17:39:00	0	00:07:31	2.28	2	7.97	0
534	8	3	2025-09-05 04:11:43	2025-08-05 17:56:00	0	00:12:10	8.04	2	16.73	0
535	8	3	2025-09-05 04:11:43	2025-08-05 18:22:00	0	00:13:16	5.86	2	16.22	0
536	8	3	2025-09-05 04:11:43	2025-08-05 18:47:00	0	00:07:42	2.53	2	11.2	0
537	8	3	2025-09-05 04:11:43	2025-08-05 19:01:00	0	00:15:53	7.53	2	17.37	0
538	8	3	2025-09-05 04:11:43	2025-08-05 19:31:00	0	00:05:59	2.51	2	6.58	0
539	8	3	2025-09-05 04:11:43	2025-08-05 19:51:00	0	00:04:51	2.04	2	6.76	0
540	8	3	2025-09-05 04:11:43	2025-08-05 20:01:00	2964	00:19:21	7.71	1	15.84	0
541	8	3	2025-09-05 04:11:43	2025-08-06 14:25:00	0	00:20:05	5.99	1	18.7	0
542	8	3	2025-09-05 04:11:43	2025-08-06 14:48:00	0	00:07:33	2.41	1	5.62	0
543	8	3	2025-09-05 04:11:43	2025-08-06 15:00:00	0	00:17:47	6.55	1	11.43	0
544	8	3	2025-09-05 04:11:43	2025-08-06 15:22:00	0	00:19:10	7.36	1	15.1	0
545	8	3	2025-09-05 04:11:43	2025-08-06 15:51:00	0	00:05:11	0.72	1	5.62	0
546	8	3	2025-09-05 04:11:43	2025-08-06 15:59:00	0	00:16:23	5.41	1	17.17	0
547	8	3	2025-09-05 04:11:43	2025-08-06 16:36:00	0	00:10:07	3.73	1	10.86	0
548	8	3	2025-09-05 04:11:43	2025-08-06 16:51:00	0	00:30:33	10.72	2	24.65	0
549	8	3	2025-09-05 04:11:43	2025-08-06 17:23:00	0	00:24:52	5.55	2	19.28	0
550	8	3	2025-09-05 04:11:43	2025-08-06 18:02:00	0	00:25:34	7.48	2	21.41	0
551	8	3	2025-09-05 04:11:43	2025-08-06 18:25:00	0	00:07:49	2.96	2	11.49	0
552	8	3	2025-09-05 04:11:43	2025-08-06 18:43:00	0	00:15:04	6.14	2	16.32	0
553	8	3	2025-09-05 04:11:43	2025-08-06 19:07:00	0	00:12:58	5.57	2	13.59	0
554	8	3	2025-09-05 04:11:43	2025-08-06 19:27:00	0	00:03:46	1.18	2	11.15	0
555	8	3	2025-09-05 04:11:43	2025-08-06 19:40:00	0	00:15:03	8.02	2	14.3	0
556	8	3	2025-09-05 04:11:43	2025-08-06 19:58:00	0	00:07:47	1.79	2	13.31	0
557	8	3	2025-09-05 04:11:43	2025-08-06 20:20:00	0	00:15:48	4.37	1	16.56	0
558	8	3	2025-09-05 04:11:43	2025-08-06 20:58:00	0	00:14:44	8.72	1	18.76	0
559	8	3	2025-09-05 04:11:43	2025-08-06 21:19:00	0	00:05:56	2.94	1	9.3	0
560	8	3	2025-09-05 04:11:43	2025-08-06 21:36:00	0	00:13:32	7.93	1	15.13	0
561	8	3	2025-09-05 04:11:43	2025-08-06 21:53:00	0	00:10:27	3.75	1	12.64	0
562	8	3	2025-09-05 04:11:43	2025-08-06 22:10:00	3153	00:22:47	17.42	1	34.77	0
564	8	3	2025-09-05 04:11:43	2025-08-07 14:21:00	0	00:08:47	2.81	1	6.92	0
565	8	3	2025-09-05 04:11:43	2025-08-07 14:36:00	0	00:14:16	4.98	1	9.18	0
566	8	3	2025-09-05 04:11:43	2025-08-07 14:56:00	0	00:14:05	5.69	1	9.7	0
567	8	3	2025-09-05 04:11:43	2025-08-07 15:19:00	0	00:12:22	7.46	1	11.03	0
568	8	3	2025-09-05 04:11:43	2025-08-07 15:49:00	0	00:18:55	7.53	1	12.76	0
569	8	3	2025-09-05 04:11:43	2025-08-07 16:21:00	0	00:08:03	2.45	1	9.87	0
570	8	3	2025-09-05 04:11:43	2025-08-07 16:41:00	0	00:07:50	2.78	1	7.31	0
571	8	3	2025-09-05 04:11:43	2025-08-07 16:55:00	0	00:08:53	2.12	2	12.06	0
572	8	3	2025-09-05 04:11:43	2025-08-07 17:15:00	0	00:04:05	0.93	2	7.78	0
573	8	3	2025-09-05 04:11:43	2025-08-07 17:27:00	0	00:09:16	3.95	2	14.31	0
574	8	3	2025-09-05 04:11:43	2025-08-07 17:55:00	0	00:05:41	2.37	2	8.8	0
575	8	3	2025-09-05 04:11:43	2025-08-07 18:05:00	0	00:20:54	4.34	2	21.14	0
576	8	3	2025-09-05 04:11:43	2025-08-07 18:34:00	0	00:05:13	2.38	2	8.81	0
577	8	3	2025-09-05 04:11:43	2025-08-07 18:44:00	0	00:06:31	2.48	2	14.17	0
578	8	3	2025-09-05 04:11:43	2025-08-07 19:00:00	0	00:15:50	6.01	2	15.71	0
579	8	3	2025-09-05 04:11:43	2025-08-07 19:21:00	0	00:09:58	3.1	2	11.64	0
580	8	3	2025-09-05 04:11:43	2025-08-07 19:42:00	0	00:26:53	11.25	2	25.31	0
581	8	3	2025-09-05 04:11:43	2025-08-07 20:16:00	0	00:19:21	6.06	1	13.87	0
582	8	3	2025-09-05 04:11:43	2025-08-07 20:43:00	0	00:18:33	8.27	1	17.2	0
583	8	3	2025-09-05 04:11:43	2025-08-07 21:13:00	0	00:12:30	5.45	1	14.21	0
584	8	3	2025-09-05 04:11:43	2025-08-07 21:34:00	0	00:10:48	5.53	1	16.25	0
585	8	3	2025-09-05 04:11:43	2025-08-07 21:53:00	0	00:07:38	4.02	1	13.58	0
586	8	3	2025-09-05 04:11:43	2025-08-07 22:14:00	3320	00:14:09	6	1	13.34	0
588	2	3	2025-09-05 04:11:43	2025-08-08 17:00:00	3838	10:46:00	518	1	385	0
589	8	3	2025-09-05 04:11:43	2025-08-09 17:00:00	3838	00:00:01	1	1	0	0
591	2	3	2025-09-05 04:11:43	2025-08-10 19:00:00	4364	07:55:00	526	1	366	0
593	6	3	2025-09-05 04:11:43	2025-08-11 00:00:00	4365	00:00:00	0	0	202	0
594	8	3	2025-09-05 04:11:43	2025-08-12 12:04:00	0	01:11:00	32.27	1	46.82	0
595	8	3	2025-09-05 04:11:44	2025-08-12 13:22:00	0	00:06:37	1.57	1	6.87	0
596	8	3	2025-09-05 04:11:44	2025-08-12 13:35:00	0	00:04:32	1.23	1	5.65	0
597	8	3	2025-09-05 04:11:44	2025-08-12 13:47:00	0	00:07:17	1.62	1	7.12	0
598	8	3	2025-09-05 04:11:44	2025-08-12 13:58:00	0	00:10:41	2.65	1	8.13	0
599	8	3	2025-09-05 04:11:44	2025-08-12 14:20:00	0	00:04:16	0.84	1	5.62	0
600	8	3	2025-09-05 04:11:44	2025-08-12 14:28:00	0	00:04:24	1.43	1	5.62	0
590	3	3	2025-09-05 04:11:43	2025-08-10 19:01:00	0	00:00:00	0	0	149.45	25.46
587	3	3	2025-09-05 04:11:43	2025-08-08 22:17:00	0	00:00:00	0	0	116.75	18.271
563	3	3	2025-09-05 04:11:43	2025-08-07 14:19:00	0	00:00:00	0	0	95.12	15.88
601	8	3	2025-09-05 04:11:44	2025-08-12 14:31:00	0	00:00:00	0	1	4.73	0
602	8	3	2025-09-05 04:11:44	2025-08-12 14:51:00	0	00:48:14	15.86	1	29.07	0
603	8	3	2025-09-05 04:11:44	2025-08-12 15:53:00	0	00:08:21	3.1	1	6.71	0
604	8	3	2025-09-05 04:11:44	2025-08-12 17:12:00	0	00:17:12	6.45	2	18	0
605	8	3	2025-09-05 04:11:44	2025-08-12 17:51:00	0	00:21:08	11.82	2	22.29	0
606	8	3	2025-09-05 04:11:44	2025-08-12 18:16:00	0	00:19:45	5.63	2	22.37	0
607	8	3	2025-09-05 04:11:44	2025-08-12 18:59:00	0	00:20:29	7.24	2	20.35	0
608	8	3	2025-09-05 04:11:44	2025-08-12 20:11:00	0	00:04:53	2.2	1	10.73	0
609	8	3	2025-09-05 04:11:44	2025-08-12 20:28:00	0	00:05:01	2.22	1	5.62	0
610	8	3	2025-09-05 04:11:44	2025-08-12 20:35:00	0	00:04:45	1.7	1	7.74	0
611	8	3	2025-09-05 04:11:44	2025-08-12 20:49:00	0	00:18:14	10.04	1	17.6	0
612	8	3	2025-09-05 04:11:44	2025-08-12 21:09:00	4602	00:14:33	5.72	1	15.3	0
613	4	3	2025-09-05 04:11:44	2025-08-12 10:04:00	0	00:00:00	0	0	35	0
615	8	3	2025-09-05 04:11:44	2025-08-13 12:53:00	0	00:04:52	1.75	1	6.8	0
616	8	3	2025-09-05 04:11:44	2025-08-13 13:22:00	0	00:05:03	1.71	1	8.27	0
617	8	3	2025-09-05 04:11:44	2025-08-13 13:37:00	0	00:05:51	2.5	1	5.97	0
618	8	3	2025-09-05 04:11:44	2025-08-13 13:46:00	0	00:05:48	2.35	1	5.96	0
619	8	3	2025-09-05 04:11:44	2025-08-13 14:00:00	0	00:10:53	4.89	1	8.96	0
620	8	3	2025-09-05 04:11:44	2025-08-13 14:22:00	0	00:14:25	6.12	1	7.79	0
621	8	3	2025-09-05 04:11:44	2025-08-13 14:43:00	0	00:12:53	6.38	1	8.36	0
622	8	3	2025-09-05 04:11:44	2025-08-13 15:04:00	0	00:17:57	6.27	1	12.05	0
623	8	3	2025-09-05 04:11:44	2025-08-13 15:29:00	0	00:25:24	7.28	1	12.8	0
624	8	3	2025-09-05 04:11:44	2025-08-13 15:59:00	0	00:08:37	2.75	1	6.54	0
625	8	3	2025-09-05 04:11:44	2025-08-13 16:39:00	0	00:23:37	7.74	1	20.03	0
626	8	3	2025-09-05 04:11:44	2025-08-13 17:10:00	0	00:11:35	2.56	2	8.55	0
627	8	3	2025-09-05 04:11:44	2025-08-13 17:27:00	0	00:39:57	9.02	2	24.47	0
628	8	3	2025-09-05 04:11:44	2025-08-13 18:28:00	0	00:11:08	2.45	2	12.24	0
629	8	3	2025-09-05 04:11:44	2025-08-13 18:45:00	0	00:07:26	1.38	2	6.77	0
630	8	3	2025-09-05 04:11:44	2025-08-13 19:00:00	0	00:07:51	2.03	2	10.46	0
631	8	3	2025-09-05 04:11:44	2025-08-13 19:07:00	0	00:10:13	3.8	2	12.98	0
632	8	3	2025-09-05 04:11:44	2025-08-13 19:31:00	4722	00:10:19	7.33	2	11.35	0
634	8	3	2025-09-05 04:11:44	2025-08-14 11:19:00	0	00:07:20	2.81	1	7.37	0
635	8	3	2025-09-05 04:11:44	2025-08-14 11:29:00	0	00:24:20	10.13	1	20.18	0
636	8	3	2025-09-05 04:11:44	2025-08-14 11:54:00	0	00:07:27	2.24	1	6.59	0
637	8	3	2025-09-05 04:11:44	2025-08-14 12:08:00	0	00:16:12	3.79	1	8.57	0
638	8	3	2025-09-05 04:11:44	2025-08-14 12:31:00	0	00:17:46	6.45	1	12.55	0
639	8	3	2025-09-05 04:11:44	2025-08-14 13:01:00	0	00:12:51	4.34	1	10.08	0
640	8	3	2025-09-05 04:11:44	2025-08-14 13:46:00	0	00:21:19	5.71	1	12.04	0
641	8	3	2025-09-05 04:11:44	2025-08-14 14:14:00	0	00:05:26	1.66	1	6.24	0
642	8	3	2025-09-05 04:11:44	2025-08-14 19:10:00	0	00:06:20	2.49	2	9.45	0
643	8	3	2025-09-05 04:11:44	2025-08-14 19:22:00	0	00:06:48	2.72	2	7.32	0
644	8	3	2025-09-05 04:11:44	2025-08-14 20:07:00	0	00:05:07	1.61	1	5.62	0
645	8	3	2025-09-05 04:11:44	2025-08-14 20:28:00	0	00:06:10	2.65	1	6.79	0
646	8	3	2025-09-05 04:11:44	2025-08-14 21:49:00	0	00:04:28	1.23	1	7.63	0
647	8	3	2025-09-05 04:11:44	2025-08-14 22:07:00	0	00:24:00	9.67	1	27.51	0
648	8	3	2025-09-05 04:11:44	2025-08-14 22:44:00	0	00:04:27	1.49	1	13.37	0
649	8	3	2025-09-05 04:11:44	2025-08-14 22:55:00	0	00:04:10	1.39	1	6.65	0
650	8	3	2025-09-05 04:11:44	2025-08-14 23:05:00	0	00:10:06	2.66	1	11.3	0
651	8	3	2025-09-05 04:11:44	2025-08-14 23:28:00	0	00:10:16	3.24	1	8.57	0
652	8	3	2025-09-05 04:11:44	2025-08-14 23:42:00	4889	00:16:29	6.14	1	16.02	0
654	8	3	2025-09-05 04:11:44	2025-08-15 00:06:00	0	00:15:10	7.02	1	17.42	0
655	8	3	2025-09-05 04:11:44	2025-08-15 00:25:00	0	00:07:19	2.75	1	8.28	0
656	8	3	2025-09-05 04:11:44	2025-08-15 00:39:00	0	00:03:51	0.39	1	5.62	0
657	8	3	2025-09-05 04:11:44	2025-08-15 00:46:00	0	00:08:18	3.7	1	10.75	0
658	8	3	2025-09-05 04:11:44	2025-08-15 01:00:00	0	00:10:42	4.03	1	8.38	0
659	8	3	2025-09-05 04:11:44	2025-08-15 01:21:00	0	00:05:47	1.93	1	5.95	0
660	8	3	2025-09-05 04:11:44	2025-08-15 15:35:00	0	00:34:50	15.06	1	23.68	0
661	8	3	2025-09-05 04:11:44	2025-08-15 16:24:00	0	00:21:35	5.53	1	17.46	0
662	8	3	2025-09-05 04:11:44	2025-08-15 16:58:00	0	00:05:08	2.13	1	8.25	0
663	8	3	2025-09-05 04:11:44	2025-08-15 17:06:00	0	00:15:26	4.65	1	14.55	0
664	8	3	2025-09-05 04:11:44	2025-08-15 17:28:00	0	00:18:45	4.47	1	18.52	0
665	8	3	2025-09-05 04:11:44	2025-08-15 17:47:00	0	00:22:10	4.75	1	23.54	0
666	8	3	2025-09-05 04:11:44	2025-08-15 19:13:00	0	00:16:39	3.43	1	13.23	0
667	8	3	2025-09-05 04:11:44	2025-08-15 19:37:00	0	00:37:52	14.61	1	29.44	0
668	8	3	2025-09-05 04:11:44	2025-08-15 20:25:00	0	00:17:12	6.92	1	16.02	0
669	8	3	2025-09-05 04:11:44	2025-08-15 20:44:00	0	00:02:00	0.38	1	6.96	0
670	8	3	2025-09-05 04:11:44	2025-08-15 20:52:00	0	00:04:52	1.87	1	7.49	0
671	8	3	2025-09-05 04:11:44	2025-08-15 21:06:00	0	00:13:16	8.05	1	16.97	0
672	8	3	2025-09-05 04:11:44	2025-08-15 21:21:00	0	00:10:02	3.34	1	9.03	0
673	8	3	2025-09-05 04:11:44	2025-08-15 21:32:00	0	00:21:16	6.18	1	18.07	0
674	8	3	2025-09-05 04:11:44	2025-08-15 22:08:00	0	00:22:32	9.72	1	23.92	0
675	8	3	2025-09-05 04:11:44	2025-08-15 22:31:00	0	00:11:14	5.05	1	22.17	0
633	3	3	2025-09-05 04:11:44	2025-08-14 08:57:00	0	00:00:00	0	0	50.56	8.441
614	3	3	2025-09-05 04:11:44	2025-08-13 13:06:00	0	00:00:00	0	0	119.98	20.031
676	8	3	2025-09-05 04:11:44	2025-08-15 22:56:00	0	00:04:33	0.96	1	7.12	0
677	8	3	2025-09-05 04:11:44	2025-08-15 23:05:00	0	00:05:51	1.96	1	11.88	0
678	8	3	2025-09-05 04:11:44	2025-08-15 23:22:00	0	00:03:35	1.2	1	6.47	0
679	8	3	2025-09-05 04:11:44	2025-08-15 23:44:00	0	00:04:29	1.8	1	8.87	0
680	8	3	2025-09-05 04:11:44	2025-08-15 23:52:00	5085	00:09:55	5.29	1	14.83	0
682	8	3	2025-09-05 04:11:44	2025-08-16 00:02:00	0	00:04:08	1.78	1	12.5	0
683	8	3	2025-09-05 04:11:44	2025-08-16 00:19:00	0	00:11:41	5.99	1	17.19	0
684	8	3	2025-09-05 04:11:44	2025-08-16 00:46:00	0	00:10:39	7.83	1	14.43	0
685	8	3	2025-09-05 04:11:44	2025-08-16 14:08:00	0	00:06:47	2.84	1	8.66	0
686	8	3	2025-09-05 04:11:44	2025-08-16 14:17:00	0	00:33:39	14.48	1	30.93	0
687	8	3	2025-09-05 04:11:44	2025-08-16 15:04:00	0	00:27:20	10.78	1	21.89	0
688	8	3	2025-09-05 04:11:44	2025-08-16 15:45:00	0	00:18:01	4.99	1	14.22	0
689	8	3	2025-09-05 04:11:44	2025-08-16 16:11:00	0	00:10:06	2.99	1	8.13	0
690	8	3	2025-09-05 04:11:44	2025-08-16 16:26:00	0	00:05:13	1.95	1	7.27	0
691	8	3	2025-09-05 04:11:44	2025-08-16 16:43:00	0	00:15:10	4.03	1	10.61	0
692	8	3	2025-09-05 04:11:44	2025-08-16 17:04:00	0	00:08:55	3.44	1	8.19	0
693	8	3	2025-09-05 04:11:44	2025-08-16 17:19:00	0	00:12:04	4.76	1	10.5	0
694	8	3	2025-09-05 04:11:44	2025-08-16 17:33:00	0	00:07:24	2.59	1	7.03	0
695	8	3	2025-09-05 04:11:44	2025-08-16 17:52:00	0	00:10:08	3.05	1	8.44	0
696	8	3	2025-09-05 04:11:44	2025-08-16 18:05:00	0	00:13:41	3.57	1	12.41	0
697	8	3	2025-09-05 04:11:44	2025-08-16 18:24:00	0	00:08:17	2.77	1	10.7	0
698	8	3	2025-09-05 04:11:44	2025-08-16 18:34:00	0	00:15:45	4.78	1	16.94	0
699	8	3	2025-09-05 04:11:44	2025-08-16 18:56:00	0	00:24:12	12.03	1	25.75	0
700	8	3	2025-09-05 04:11:44	2025-08-16 19:27:00	0	00:23:48	8.04	1	26.72	0
701	8	3	2025-09-05 04:11:44	2025-08-16 19:59:00	0	00:21:26	6.73	1	20.66	0
702	8	3	2025-09-05 04:11:44	2025-08-16 20:34:00	0	00:13:32	4.97	2	13.04	0
703	8	3	2025-09-05 04:11:44	2025-08-16 21:25:00	0	00:23:27	14.1	2	29.97	0
704	8	3	2025-09-05 04:11:44	2025-08-16 22:07:00	0	00:06:51	5.42	2	11.85	0
705	8	3	2025-09-05 04:11:44	2025-08-16 22:16:00	0	00:12:14	6.04	2	11.96	0
706	8	3	2025-09-05 04:11:44	2025-08-16 22:29:00	5283	00:04:22	1.76	2	9.81	0
708	8	3	2025-09-05 04:11:44	2025-08-17 14:42:00	0	00:08:51	3.09	1	11.99	0
709	8	3	2025-09-05 04:11:44	2025-08-17 14:56:00	0	00:34:29	20.15	1	39.35	0
710	8	3	2025-09-05 04:11:44	2025-08-17 15:50:00	0	00:43:38	19.91	1	36.96	0
711	8	3	2025-09-05 04:11:44	2025-08-17 16:29:00	0	00:05:19	2.04	1	8.08	0
712	8	3	2025-09-05 04:11:44	2025-08-17 16:47:00	0	00:23:56	9.72	1	23.53	0
713	8	3	2025-09-05 04:11:44	2025-08-17 17:21:00	0	00:24:57	6.8	1	23.86	0
714	8	3	2025-09-05 04:11:44	2025-08-17 17:53:00	0	00:08:13	3.08	1	16.07	0
715	8	3	2025-09-05 04:11:44	2025-08-17 18:10:00	0	00:05:07	1.52	1	8.87	0
716	8	3	2025-09-05 04:11:44	2025-08-17 18:21:00	0	00:06:12	2.52	1	12.29	0
717	8	3	2025-09-05 04:11:44	2025-08-17 18:36:00	0	00:13:56	4.39	1	14.1	0
718	8	3	2025-09-05 04:11:45	2025-08-17 18:58:00	0	00:12:05	4.07	1	11.71	0
719	8	3	2025-09-05 04:11:45	2025-08-17 19:12:00	0	00:20:33	7.31	1	23.56	0
720	8	3	2025-09-05 04:11:45	2025-08-17 19:50:00	0	00:24:15	12.09	1	22.22	0
721	8	3	2025-09-05 04:11:45	2025-08-17 20:21:00	0	00:11:09	3.83	1	11.53	0
722	8	3	2025-09-05 04:11:45	2025-08-17 20:34:00	0	00:04:38	1.54	1	11.5	0
723	8	3	2025-09-05 04:11:45	2025-08-17 20:43:00	0	00:20:40	11.08	1	21.79	0
724	8	3	2025-09-05 04:11:45	2025-08-17 21:12:00	0	00:14:07	5.75	1	15.78	0
725	8	3	2025-09-05 04:11:45	2025-08-17 21:33:00	0	00:12:53	5	1	24.32	0
726	8	3	2025-09-05 04:11:45	2025-08-17 21:58:00	0	00:04:16	1.17	1	9.9	0
727	8	3	2025-09-05 04:11:45	2025-08-17 22:13:00	0	00:08:25	2.98	1	8.66	0
728	8	3	2025-09-05 04:11:45	2025-08-17 22:27:00	0	00:16:33	6.27	1	19.47	0
729	8	3	2025-09-05 04:11:45	2025-08-17 22:51:00	0	00:13:46	6.38	1	16.27	0
730	8	3	2025-09-05 04:11:45	2025-08-17 23:08:00	0	00:06:10	2.59	1	9.75	0
731	8	3	2025-09-05 04:11:45	2025-08-17 23:22:00	0	00:06:19	2.92	1	11.4	0
732	8	3	2025-09-05 04:11:45	2025-08-17 23:34:00	5501	00:16:10	11.73	1	26.29	0
733	8	3	2025-09-05 04:11:45	2025-08-18 15:17:00	0	00:10:23	2.93	1	6.56	0
734	8	3	2025-09-05 04:11:45	2025-08-18 15:29:00	0	00:07:09	2.86	1	7.51	0
735	8	3	2025-09-05 04:11:45	2025-08-18 15:37:00	0	00:13:41	5.31	1	9.68	0
736	8	3	2025-09-05 04:11:45	2025-08-18 16:03:00	0	00:05:42	2.04	1	7.45	0
737	8	3	2025-09-05 04:11:45	2025-08-18 16:08:00	0	00:46:10	18.8	1	40.7	0
738	8	3	2025-09-05 04:11:45	2025-08-18 17:13:00	0	00:23:57	5.13	1	21.19	0
739	8	3	2025-09-05 04:11:45	2025-08-18 17:48:00	0	00:12:16	3.28	2	11.15	0
740	8	3	2025-09-05 04:11:45	2025-08-18 18:09:00	0	00:31:34	6.81	2	19.04	0
741	8	3	2025-09-05 04:11:45	2025-08-18 18:46:00	0	00:18:58	5.67	2	17.4	0
742	8	3	2025-09-05 04:11:45	2025-08-18 19:16:00	0	00:38:48	10.7	2	25.91	0
743	8	3	2025-09-05 04:11:45	2025-08-18 20:25:00	0	00:14:57	5.71	2	12.81	0
744	8	3	2025-09-05 04:11:45	2025-08-18 20:45:00	0	00:40:40	19.46	2	30.92	0
745	8	3	2025-09-05 04:11:45	2025-08-18 21:29:00	0	00:06:57	3.95	1	8.36	0
746	8	3	2025-09-05 04:11:45	2025-08-18 21:53:00	0	00:18:56	6.54	1	15.83	0
747	8	3	2025-09-05 04:11:45	2025-08-18 22:27:00	5644	00:04:18	1.83	1	9.1	0
749	8	3	2025-09-05 04:11:45	2025-08-19 17:37:00	0	00:15:08	4.15	2	10.8	0
750	8	3	2025-09-05 04:11:45	2025-08-19 18:05:00	0	00:36:02	11.11	2	28.15	0
707	3	3	2025-09-05 04:11:44	2025-08-18 00:14:00	0	00:00:00	0	0	88.54	15.291
681	3	3	2025-09-05 04:11:44	2025-08-16 22:48:00	0	00:00:00	0	0	79.32	13.7
751	8	3	2025-09-05 04:11:45	2025-08-19 18:54:00	0	00:15:24	3.8	2	12.48	0
752	8	3	2025-09-05 04:11:45	2025-08-19 19:23:00	0	00:07:25	2.47	2	8.4	0
753	8	3	2025-09-05 04:11:45	2025-08-19 19:36:00	0	00:09:55	3.76	2	10.57	0
754	8	3	2025-09-05 04:11:45	2025-08-19 19:54:00	0	00:08:26	2.23	2	9.85	0
755	8	3	2025-09-05 04:11:45	2025-08-19 20:10:00	0	00:12:10	4.25	1	13.2	0
756	8	3	2025-09-05 04:11:45	2025-08-19 20:28:00	0	00:10:30	2.66	1	9.47	0
757	8	3	2025-09-05 04:11:45	2025-08-19 21:01:00	0	00:11:01	3.45	1	13.74	0
758	8	3	2025-09-05 04:11:45	2025-08-19 21:16:00	0	00:07:15	3.02	1	8.44	0
759	8	3	2025-09-05 04:11:45	2025-08-19 21:26:00	0	00:04:44	1.38	1	6.13	0
760	8	3	2025-09-05 04:11:45	2025-08-19 21:40:00	0	00:08:47	2.27	1	10.84	0
761	8	3	2025-09-05 04:11:45	2025-08-19 22:01:00	0	00:20:34	6.61	1	20.96	0
762	8	3	2025-09-05 04:11:45	2025-08-19 22:34:00	5760	00:06:21	1.79	1	8.38	0
763	4	3	2025-09-05 04:11:45	2025-08-20 00:00:00	0	00:00:00	0	0	35	0
764	8	3	2025-09-05 04:11:45	2025-08-20 14:59:00	0	00:07:55	2.69	1	5.86	0
765	8	3	2025-09-05 04:11:45	2025-08-20 15:11:00	0	00:06:41	3.24	1	5.62	0
766	8	3	2025-09-05 04:11:45	2025-08-20 15:19:00	0	00:17:40	9.02	1	15.73	0
767	8	3	2025-09-05 04:11:45	2025-08-20 15:52:00	0	00:18:35	8.15	1	9.85	0
768	8	3	2025-09-05 04:11:45	2025-08-20 16:19:00	0	00:04:35	1.35	1	11.38	0
769	8	3	2025-09-05 04:11:45	2025-08-20 16:34:00	0	00:12:10	3.34	1	11.75	0
770	8	3	2025-09-05 04:11:45	2025-08-20 16:53:00	0	00:04:16	0.84	2	5.62	0
771	8	3	2025-09-05 04:11:45	2025-08-20 17:02:00	0	00:05:52	1.53	2	8.8	0
772	8	3	2025-09-05 04:11:45	2025-08-20 17:12:00	0	00:08:42	2.51	2	7.78	0
773	8	3	2025-09-05 04:11:45	2025-08-20 17:22:00	0	00:09:11	2.43	2	8.89	0
774	8	3	2025-09-05 04:11:45	2025-08-20 17:43:00	0	00:24:55	4.3	2	10.7	0
775	8	3	2025-09-05 04:11:45	2025-08-20 17:58:00	0	00:10:02	1.51	2	9.53	0
776	8	3	2025-09-05 04:11:45	2025-08-20 18:23:00	0	00:07:30	1.87	2	9.18	0
777	8	3	2025-09-05 04:11:45	2025-08-20 18:32:00	0	00:11:23	2.91	2	11.3	0
778	8	3	2025-09-05 04:11:45	2025-08-20 18:50:00	0	00:21:03	5.34	2	11.63	0
779	8	3	2025-09-05 04:11:45	2025-08-20 19:16:00	0	00:03:17	0.93	2	5.62	0
780	8	3	2025-09-05 04:11:45	2025-08-20 19:28:00	0	00:13:15	3.93	2	10.44	0
781	8	3	2025-09-05 04:11:45	2025-08-20 19:44:00	0	00:06:17	1.78	2	8.16	0
782	8	3	2025-09-05 04:11:45	2025-08-20 19:56:00	0	00:11:05	3.45	2	8.69	0
783	8	3	2025-09-05 04:11:45	2025-08-20 20:17:00	0	00:05:22	1.55	1	7.69	0
784	8	3	2025-09-05 04:11:45	2025-08-20 20:30:00	0	00:04:06	1.17	1	5.99	0
785	8	3	2025-09-05 04:11:45	2025-08-20 20:48:00	0	00:13:57	7.52	1	15.41	0
786	8	3	2025-09-05 04:11:45	2025-08-20 21:09:00	0	00:02:55	0.89	1	8.64	0
787	8	3	2025-09-05 04:11:45	2025-08-20 21:25:00	0	00:10:33	4.36	1	9.79	0
788	8	3	2025-09-05 04:11:45	2025-08-20 21:54:00	5890	00:06:52	2.91	1	10.21	0
789	8	3	2025-09-05 04:11:45	2025-08-21 15:10:00	0	00:09:55	3.72	1	8.38	0
790	8	3	2025-09-05 04:11:45	2025-08-21 15:23:00	0	00:14:08	5.82	1	10.16	0
791	8	3	2025-09-05 04:11:45	2025-08-21 15:48:00	0	00:13:09	3.84	1	8.65	0
792	8	3	2025-09-05 04:11:45	2025-08-21 16:18:00	0	00:28:31	6.87	1	19.38	0
793	8	3	2025-09-05 04:11:45	2025-08-21 16:49:00	0	00:25:06	5.39	2	18.3	0
794	8	3	2025-09-05 04:11:45	2025-08-21 17:24:00	0	00:07:17	1.61	2	7.32	0
795	8	3	2025-09-05 04:11:45	2025-08-21 17:35:00	0	00:18:54	5.38	2	14.23	0
796	8	3	2025-09-05 04:11:45	2025-08-21 17:56:00	0	00:05:19	1.38	2	7.16	0
797	8	3	2025-09-05 04:11:45	2025-08-21 18:03:00	0	00:35:07	8	2	18.97	0
798	8	3	2025-09-05 04:11:45	2025-08-21 18:42:00	0	00:10:54	3.11	2	8.43	0
799	8	3	2025-09-05 04:11:45	2025-08-21 19:04:00	0	00:06:06	1.75	2	5.62	0
800	8	3	2025-09-05 04:11:45	2025-08-21 19:11:00	0	00:28:49	8.36	2	19.83	0
801	8	3	2025-09-05 04:11:45	2025-08-21 19:45:00	0	00:07:34	2.35	2	7.19	0
802	8	3	2025-09-05 04:11:45	2025-08-21 20:38:00	0	00:05:36	1.68	1	10.51	0
803	8	3	2025-09-05 04:11:45	2025-08-21 21:01:00	0	00:21:58	9.28	1	21.06	0
804	8	3	2025-09-05 04:11:45	2025-08-21 21:28:00	0	00:04:49	0.84	1	5.62	0
805	8	3	2025-09-05 04:11:45	2025-08-21 21:34:00	0	00:06:46	1.1	1	5.68	0
806	8	3	2025-09-05 04:11:45	2025-08-21 21:38:00	0	00:04:53	0.92	1	5.62	0
807	8	3	2025-09-05 04:11:45	2025-08-21 21:56:00	0	00:04:18	1.36	1	8.96	0
808	8	3	2025-09-05 04:11:45	2025-08-21 22:14:00	0	00:03:30	1.11	1	11.12	0
809	8	3	2025-09-05 04:11:45	2025-08-21 22:21:00	0	00:05:41	1.26	1	11.33	0
810	8	3	2025-09-05 04:11:45	2025-08-21 22:32:00	6005	00:08:17	3.52	1	12.57	0
812	8	3	2025-09-05 04:11:45	2025-08-22 15:35:00	0	00:00:00	0	0	4.55	0
813	8	3	2025-09-05 04:11:45	2025-08-22 15:42:00	0	00:08:15	1.46	1	5.62	0
814	8	3	2025-09-05 04:11:45	2025-08-22 15:51:00	0	00:11:55	5.84	1	13.03	0
815	8	3	2025-09-05 04:11:45	2025-08-22 16:11:00	0	00:10:34	4.76	1	8.78	0
816	8	3	2025-09-05 04:11:45	2025-08-22 16:17:00	0	00:07:20	2.1	1	7.19	0
817	8	3	2025-09-05 04:11:45	2025-08-22 16:35:00	0	00:07:11	3.42	1	11.19	0
818	8	3	2025-09-05 04:11:45	2025-08-22 16:47:00	0	00:40:44	11.74	2	31.72	0
819	8	3	2025-09-05 04:11:45	2025-08-22 17:38:00	0	00:08:24	2.31	2	8.62	0
820	8	3	2025-09-05 04:11:45	2025-08-22 17:53:00	0	00:29:15	6.07	2	18.42	0
821	8	3	2025-09-05 04:11:45	2025-08-22 18:36:00	0	00:21:37	6.29	2	13.93	0
822	8	3	2025-09-05 04:11:45	2025-08-22 18:59:00	0	00:19:05	4.99	2	19.84	0
823	8	3	2025-09-05 04:11:45	2025-08-22 19:17:00	0	00:06:16	1.49	2	6.05	0
824	8	3	2025-09-05 04:11:45	2025-08-22 19:33:00	0	00:18:21	4.75	2	13.91	0
825	8	3	2025-09-05 04:11:45	2025-08-22 19:43:00	0	00:20:30	5.85	2	14.39	0
826	8	3	2025-09-05 04:11:45	2025-08-22 20:17:00	0	00:11:29	4.13	2	11.98	0
827	8	3	2025-09-05 04:11:45	2025-08-22 20:30:00	0	00:06:12	1.31	2	6.55	0
828	8	3	2025-09-05 04:11:45	2025-08-22 20:46:00	0	00:13:07	3.56	2	10.44	0
829	8	3	2025-09-05 04:11:45	2025-08-22 21:07:00	0	00:08:58	1.83	2	7.96	0
830	8	3	2025-09-05 04:11:45	2025-08-22 21:25:00	0	00:33:26	15.32	2	32.69	0
831	8	3	2025-09-05 04:11:45	2025-08-22 22:07:00	0	00:02:52	0.81	2	5.62	0
832	8	3	2025-09-05 04:11:45	2025-08-22 22:16:00	0	00:16:00	6.5	2	15.34	0
833	8	3	2025-09-05 04:11:45	2025-08-22 22:38:00	0	00:19:04	6.69	2	21.71	0
834	8	3	2025-09-05 04:11:45	2025-08-22 23:15:00	0	00:06:06	2.39	2	11.76	0
835	8	3	2025-09-05 04:11:45	2025-08-22 23:37:00	6171	00:22:31	10.17	2	25.2	0
837	8	3	2025-09-05 04:11:45	2025-08-23 00:04:00	0	00:16:50	6.54	2	16.43	0
838	8	3	2025-09-05 04:11:45	2025-08-24 13:19:00	0	01:01:00	43.26	1	65.18	0
839	8	3	2025-09-05 04:11:45	2025-08-24 14:35:00	0	00:17:03	7.74	1	16.91	0
840	8	3	2025-09-05 04:11:45	2025-08-24 15:15:00	0	00:07:01	1.88	1	10.23	0
841	8	3	2025-09-05 04:11:45	2025-08-24 15:38:00	0	00:32:35	15.88	1	24.13	0
842	8	3	2025-09-05 04:11:46	2025-08-24 16:13:00	0	00:20:54	7.53	1	22.92	0
843	8	3	2025-09-05 04:11:46	2025-08-24 16:44:00	0	00:34:16	16.45	1	38.4	0
844	8	3	2025-09-05 04:11:46	2025-08-24 17:41:00	0	00:19:44	7.8	1	20.53	0
845	8	3	2025-09-05 04:11:46	2025-08-24 18:06:00	0	00:37:10	12.96	1	33	0
846	8	3	2025-09-05 04:11:46	2025-08-24 18:54:00	0	00:11:25	3.96	1	13.25	0
847	8	3	2025-09-05 04:11:46	2025-08-24 19:18:00	0	00:09:09	2.69	1	7.57	0
848	8	3	2025-09-05 04:11:46	2025-08-24 19:35:00	0	00:06:33	2.11	1	9.51	0
849	8	3	2025-09-05 04:11:46	2025-08-24 20:47:00	0	00:20:03	8.45	1	19.29	0
850	8	3	2025-09-05 04:11:46	2025-08-24 21:10:00	0	00:20:55	9.38	1	21.74	0
851	8	3	2025-09-05 04:11:46	2025-08-24 21:42:00	6409	00:18:41	7.69	1	20.53	0
852	8	3	2025-09-05 04:11:46	2025-08-25 14:17:00	0	00:08:06	2.94	1	5.97	0
853	8	3	2025-09-05 04:11:46	2025-08-25 14:24:00	0	00:21:16	8.03	1	13.06	0
854	8	3	2025-09-05 04:11:46	2025-08-25 14:42:00	0	00:10:41	3.45	1	8.13	0
855	8	3	2025-09-05 04:11:46	2025-08-25 15:04:00	0	00:18:09	6.6	1	10.78	0
856	8	3	2025-09-05 04:11:46	2025-08-25 15:37:00	0	00:15:20	9.4	1	13.98	0
857	8	3	2025-09-05 04:11:46	2025-08-25 16:11:00	0	00:16:41	6.2	1	17.13	0
858	8	3	2025-09-05 04:11:46	2025-08-25 16:32:00	0	00:04:59	2.7	1	8.44	0
859	8	3	2025-09-05 04:11:46	2025-08-25 16:42:00	0	00:14:42	4.9	2	12.72	0
860	8	3	2025-09-05 04:11:46	2025-08-25 16:58:00	0	00:06:22	2.18	2	7.19	0
861	8	3	2025-09-05 04:11:46	2025-08-25 17:06:00	0	00:05:49	2.08	2	5.97	0
862	8	3	2025-09-05 04:11:46	2025-08-25 17:19:00	0	00:14:30	3.61	2	10	0
863	8	3	2025-09-05 04:11:46	2025-08-25 17:37:00	0	00:21:57	4.69	2	12.77	0
864	8	3	2025-09-05 04:11:46	2025-08-25 18:01:00	0	00:08:20	1.56	2	9.91	0
865	8	3	2025-09-05 04:11:46	2025-08-25 18:14:00	0	00:04:24	1.14	2	6.82	0
866	8	3	2025-09-05 04:11:46	2025-08-25 18:31:00	0	00:05:17	1.08	2	9.3	0
867	8	3	2025-09-05 04:11:46	2025-08-25 18:50:00	0	00:08:32	2.52	2	10.58	0
868	8	3	2025-09-05 04:11:46	2025-08-25 19:04:00	0	00:07:31	2.35	2	8.03	0
869	8	3	2025-09-05 04:11:46	2025-08-25 19:13:00	0	00:08:59	2.69	2	8.99	0
870	8	3	2025-09-05 04:11:46	2025-08-25 19:19:00	0	00:02:12	0.54	2	5.62	0
871	8	3	2025-09-05 04:11:46	2025-08-25 19:22:00	0	00:04:32	1.34	2	6.55	0
872	8	3	2025-09-05 04:11:46	2025-08-25 19:41:00	0	00:04:01	0.85	2	6.22	0
873	8	3	2025-09-05 04:11:46	2025-08-25 19:50:00	0	00:10:23	3.16	2	9.04	0
874	8	3	2025-09-05 04:11:46	2025-08-25 20:11:00	0	00:04:09	1.45	1	5.73	0
875	8	3	2025-09-05 04:11:46	2025-08-25 20:21:00	6536	00:18:57	10.48	1	17.15	0
877	8	3	2025-09-05 04:11:46	2025-08-26 12:38:00	0	00:07:38	2.44	1	9.02	0
878	8	3	2025-09-05 04:11:46	2025-08-26 12:46:00	0	00:15:05	8.18	1	12.83	0
879	8	3	2025-09-05 04:11:46	2025-08-26 12:56:00	0	00:10:21	4.14	1	7.75	0
880	8	3	2025-09-05 04:11:46	2025-08-26 13:34:00	0	00:10:55	4.57	1	8.46	0
881	8	3	2025-09-05 04:11:46	2025-08-26 13:52:00	0	00:19:03	7.84	1	16.55	0
882	8	3	2025-09-05 04:11:46	2025-08-26 14:11:00	0	00:18:40	4.97	1	9.67	0
883	8	3	2025-09-05 04:11:46	2025-08-26 14:40:00	0	00:09:23	4.54	1	6.67	0
884	8	3	2025-09-05 04:11:46	2025-08-26 15:01:00	0	00:06:53	2.25	1	7.17	0
885	8	3	2025-09-05 04:11:46	2025-08-26 15:06:00	0	00:29:48	11.92	1	19.17	0
886	8	3	2025-09-05 04:11:46	2025-08-26 16:13:00	0	00:04:25	1.36	1	5.66	0
887	8	3	2025-09-05 04:11:46	2025-08-26 16:18:00	0	00:09:33	1.01	1	5.99	0
888	8	3	2025-09-05 04:11:46	2025-08-26 16:31:00	0	00:14:19	5.92	1	12.88	0
889	8	3	2025-09-05 04:11:46	2025-08-26 16:52:00	0	00:05:27	1.87	2	8.11	0
890	8	3	2025-09-05 04:11:46	2025-08-26 17:08:00	0	00:12:24	3.78	2	10.33	0
891	8	3	2025-09-05 04:11:46	2025-08-26 17:24:00	0	00:12:42	5.8	2	14.83	0
892	8	3	2025-09-05 04:11:46	2025-08-26 17:50:00	0	00:08:44	3.09	2	9.48	0
893	8	3	2025-09-05 04:11:46	2025-08-26 18:06:00	0	00:08:17	3.42	2	11.55	0
894	8	3	2025-09-05 04:11:46	2025-08-26 18:20:00	0	00:17:03	6.86	2	16.8	0
895	8	3	2025-09-05 04:11:46	2025-08-26 18:48:00	0	00:07:39	1.8	2	6.1	0
896	8	3	2025-09-05 04:11:46	2025-08-26 19:01:00	0	00:15:14	5.45	2	11.15	0
897	8	3	2025-09-05 04:11:46	2025-08-26 19:07:00	0	00:04:51	1.3	2	5.62	0
898	8	3	2025-09-05 04:11:46	2025-08-26 19:22:00	0	00:09:10	2.55	2	8.43	0
899	8	3	2025-09-05 04:11:46	2025-08-26 19:37:00	0	00:10:59	3.38	2	9.53	0
900	8	3	2025-09-05 04:11:46	2025-08-26 19:57:00	0	00:01:58	0.45	2	5.62	0
836	3	3	2025-09-05 04:11:45	2025-08-23 00:42:00	0	00:00:00	0	0	72.51	12.311
901	8	3	2025-09-05 04:11:46	2025-08-26 20:00:00	0	00:04:13	1.32	1	5.62	0
902	8	3	2025-09-05 04:11:46	2025-08-26 20:04:00	0	00:08:11	2.63	1	7.5	0
903	8	3	2025-09-05 04:11:46	2025-08-26 20:16:00	0	00:05:23	2.25	1	8.88	0
904	8	3	2025-09-05 04:11:46	2025-08-26 20:42:00	0	00:00:00	0	0	4.55	0
905	8	3	2025-09-05 04:11:46	2025-08-26 20:47:00	0	00:10:02	2.92	1	8.17	0
906	8	3	2025-09-05 04:11:46	2025-08-26 21:07:00	0	00:07:35	1.91	1	6.73	0
907	8	3	2025-09-05 04:11:46	2025-08-26 21:19:00	0	00:21:32	6.9	1	15.83	0
908	8	3	2025-09-05 04:11:46	2025-08-26 21:49:00	0	00:33:09	17.44	1	29.46	0
909	8	3	2025-09-05 04:11:46	2025-08-26 22:34:00	6722	00:05:27	1.75	1	11.27	0
910	8	3	2025-09-05 04:11:46	2025-08-27 15:32:00	0	00:07:40	2.32	1	6.58	0
911	8	3	2025-09-05 04:11:46	2025-08-27 15:46:00	0	00:21:15	9.61	1	15.71	0
912	8	3	2025-09-05 04:11:46	2025-08-27 16:47:00	0	00:03:00	0.99	1	5.62	0
913	8	3	2025-09-05 04:11:46	2025-08-27 16:48:00	0	00:24:36	8.42	2	22.85	0
914	8	3	2025-09-05 04:11:46	2025-08-27 17:21:00	0	00:06:56	1.56	2	7.32	0
915	8	3	2025-09-05 04:11:46	2025-08-27 17:37:00	0	00:03:40	1	2	5.62	0
916	8	3	2025-09-05 04:11:46	2025-08-27 17:46:00	0	00:21:40	10.16	2	25.48	0
917	8	3	2025-09-05 04:11:46	2025-08-27 18:22:00	0	00:17:06	9.9	2	16.18	0
918	8	3	2025-09-05 04:11:46	2025-08-27 18:40:00	0	00:14:45	5.66	2	12.55	0
919	8	3	2025-09-05 04:11:46	2025-08-27 19:00:00	0	00:04:17	1.06	2	5.62	0
920	8	3	2025-09-05 04:11:46	2025-08-27 19:01:00	0	00:09:11	2.32	2	7.75	0
921	8	3	2025-09-05 04:11:46	2025-08-27 19:11:00	0	00:07:58	2.32	2	8.21	0
922	8	3	2025-09-05 04:11:46	2025-08-27 19:27:00	0	00:04:43	1.07	2	5.62	0
923	8	3	2025-09-05 04:11:46	2025-08-27 19:51:00	0	00:03:42	0.76	2	6.56	0
924	8	3	2025-09-05 04:11:46	2025-08-27 19:58:00	0	00:05:11	1.72	2	7.21	0
925	8	3	2025-09-05 04:11:46	2025-08-27 20:10:00	0	00:03:56	0.67	1	5.62	0
926	8	3	2025-09-05 04:11:46	2025-08-27 20:14:00	0	00:02:30	0.65	1	5.62	0
927	8	3	2025-09-05 04:11:46	2025-08-27 20:31:00	0	00:08:06	2.76	1	7.12	0
928	8	3	2025-09-05 04:11:46	2025-08-27 20:44:00	0	00:10:18	3.73	1	7.75	0
929	8	3	2025-09-05 04:11:46	2025-08-27 20:56:00	0	00:13:41	4.61	1	12.7	0
930	8	3	2025-09-05 04:11:46	2025-08-27 21:19:00	0	00:03:52	1.76	1	8.85	0
931	8	3	2025-09-05 04:11:46	2025-08-27 21:29:00	0	00:03:29	0.61	1	5.62	0
932	8	3	2025-09-05 04:11:46	2025-08-27 21:45:00	0	00:13:51	5.84	1	14.39	0
933	8	3	2025-09-05 04:11:46	2025-08-27 22:05:00	0	00:11:54	4.41	1	13.58	0
934	8	3	2025-09-05 04:11:46	2025-08-27 22:26:00	0	00:15:41	9.31	1	16.66	0
935	8	3	2025-09-05 04:11:46	2025-08-27 22:35:00	0	00:04:43	1.64	1	5.62	0
936	8	3	2025-09-05 04:11:46	2025-08-27 23:06:00	6900	00:14:56	5.05	1	15.02	0
938	8	3	2025-09-05 04:11:46	2025-08-28 15:19:00	0	00:18:24	6.05	1	10.33	0
939	8	3	2025-09-05 04:11:46	2025-08-28 15:40:00	0	00:09:42	3.27	1	6.19	0
940	8	3	2025-09-05 04:11:46	2025-08-28 15:48:00	0	00:07:33	2.35	1	5.96	0
941	8	3	2025-09-05 04:11:46	2025-08-28 16:03:00	0	00:07:53	3	1	11.71	0
942	8	3	2025-09-05 04:11:46	2025-08-28 16:19:00	0	00:08:29	2.37	1	8.44	0
943	8	3	2025-09-05 04:11:46	2025-08-28 16:31:00	0	00:08:06	1.91	1	6.25	0
944	8	3	2025-09-05 04:11:46	2025-08-28 16:46:00	0	00:05:34	1.97	2	9.71	0
945	8	3	2025-09-05 04:11:46	2025-08-28 17:00:00	0	00:04:08	1.08	2	7.97	0
946	8	3	2025-09-05 04:11:46	2025-08-28 17:18:00	0	00:10:11	3.09	2	12.35	0
947	8	3	2025-09-05 04:11:46	2025-08-28 17:46:00	0	00:08:21	2.42	2	10.94	0
948	8	3	2025-09-05 04:11:46	2025-08-28 17:59:00	0	00:05:52	1	2	7.68	0
949	8	3	2025-09-05 04:11:46	2025-08-28 18:10:00	0	00:05:53	1.66	2	7.26	0
950	8	3	2025-09-05 04:11:46	2025-08-28 18:23:00	0	00:40:00	14.08	2	31.77	0
951	8	3	2025-09-05 04:11:46	2025-08-28 19:25:00	0	00:07:16	2.19	2	6.89	0
952	8	3	2025-09-05 04:11:46	2025-08-28 19:47:00	0	00:07:27	4.12	2	8.31	0
953	8	3	2025-09-05 04:11:46	2025-08-28 20:22:00	0	00:06:34	2.69	1	8.31	0
954	8	3	2025-09-05 04:11:46	2025-08-28 20:34:00	0	00:08:25	2.99	1	7.36	0
955	8	3	2025-09-05 04:11:46	2025-08-28 21:39:00	7005	00:11:41	4.71	1	15.81	0
956	4	3	2025-09-05 04:11:46	2025-08-26 11:30:00	0	00:00:00	0	0	30	0
957	8	3	2025-09-05 04:11:46	2025-08-29 15:29:00	0	00:10:52	4.18	1	7.17	0
958	8	3	2025-09-05 04:11:46	2025-08-29 15:44:00	0	00:14:11	3.79	1	10.31	0
959	8	3	2025-09-05 04:11:46	2025-08-29 16:04:00	0	00:16:26	4.97	1	14.17	0
960	8	3	2025-09-05 04:11:46	2025-08-29 16:24:00	0	00:06:12	1.64	1	6.48	0
961	8	3	2025-09-05 04:11:46	2025-08-29 16:39:00	0	00:13:39	4.51	1	14.08	0
962	8	3	2025-09-05 04:11:46	2025-08-29 16:53:00	0	00:09:10	1.3	2	7.29	0
963	8	3	2025-09-05 04:11:46	2025-08-29 17:12:00	0	00:06:23	1.68	2	7.18	0
964	8	3	2025-09-05 04:11:46	2025-08-29 17:24:00	0	00:20:54	6.6	2	17.06	0
965	8	3	2025-09-05 04:11:46	2025-08-29 17:46:00	0	00:03:28	0.6	2	5.62	0
966	8	3	2025-09-05 04:11:46	2025-08-29 17:54:00	0	00:08:35	2.46	2	7.25	0
967	8	3	2025-09-05 04:11:46	2025-08-29 17:59:00	0	00:22:46	7.5	2	17.91	0
968	8	3	2025-09-05 04:11:46	2025-08-29 18:29:00	0	00:16:26	5.39	2	15.89	0
969	8	3	2025-09-05 04:11:46	2025-08-29 18:54:00	0	00:21:25	9.54	2	21.27	0
970	8	3	2025-09-05 04:11:46	2025-08-29 19:27:00	0	00:11:49	5.25	2	14.38	0
971	8	3	2025-09-05 04:11:46	2025-08-29 19:43:00	0	00:04:12	1.36	2	5.62	0
972	8	3	2025-09-05 04:11:46	2025-08-29 19:50:00	0	00:34:07	12.95	2	27.67	0
973	8	3	2025-09-05 04:11:46	2025-08-29 20:38:00	0	00:03:12	0.74	2	5.68	0
974	8	3	2025-09-05 04:11:46	2025-08-29 21:00:00	0	00:04:57	1.28	2	5.62	0
975	8	3	2025-09-05 04:11:46	2025-08-29 21:02:00	0	00:06:50	1.87	2	6.45	0
976	8	3	2025-09-05 04:11:46	2025-08-29 21:24:00	0	00:03:43	1.15	2	7.07	0
977	8	3	2025-09-05 04:11:46	2025-08-29 21:36:00	0	00:05:57	1.57	2	10.7	0
978	8	3	2025-09-05 04:11:46	2025-08-29 21:49:00	0	00:09:13	1.88	2	6.97	0
979	8	3	2025-09-05 04:11:46	2025-08-29 22:03:00	0	00:06:47	1.32	2	7.05	0
980	8	3	2025-09-05 04:11:46	2025-08-29 22:21:00	0	00:13:45	3.5	2	10.58	0
981	8	3	2025-09-05 04:11:46	2025-08-29 22:30:00	0	00:11:08	2.86	2	11.34	0
982	8	3	2025-09-05 04:11:46	2025-08-29 22:46:00	0	00:07:38	2.48	2	9.95	0
983	8	3	2025-09-05 04:11:46	2025-08-29 22:52:00	7155	00:29:41	8.65	2	20.14	0
984	4	3	2025-09-05 04:11:46	2025-08-30 19:00:00	0	00:00:00	0	0	40	0
985	8	3	2025-09-05 04:11:46	2025-08-30 00:01:00	7156	00:00:01	1	1	0	0
987	8	3	2025-09-05 04:11:46	2025-08-31 10:00:00	0	02:00:00	153.5	1	104.1	0
988	8	3	2025-09-05 04:11:46	2025-08-31 19:00:00	0	02:00:00	153.5	1	104.1	0
989	8	3	2025-09-05 04:11:46	2025-08-31 21:30:00	0	00:06:23	2.14	1	14.03	0
990	8	3	2025-09-05 04:11:47	2025-08-31 21:46:00	0	00:22:43	8.18	1	22.51	0
991	6	3	2025-09-05 04:11:47	2025-08-31 22:00:00	7463	00:00:00	0	0	33.2	0
993	8	3	2025-09-05 04:11:47	2025-09-01 14:53:00	0	00:05:22	1.2	1	6.29	0
994	8	3	2025-09-05 04:11:47	2025-09-01 15:07:00	0	00:06:24	2.05	1	6.16	0
995	8	3	2025-09-05 04:11:47	2025-09-01 15:15:00	0	00:11:33	4.3	1	7.78	0
996	8	3	2025-09-05 04:11:47	2025-09-01 15:40:00	0	00:08:12	2.6	1	6.55	0
997	8	3	2025-09-05 04:11:47	2025-09-01 15:50:00	0	00:10:26	2.93	1	6.73	0
998	8	3	2025-09-05 04:11:47	2025-09-01 16:04:00	0	00:10:03	4.31	1	13.03	0
999	8	3	2025-09-05 04:11:47	2025-09-01 16:21:00	0	00:06:25	2.26	1	6.53	0
1000	8	3	2025-09-05 04:11:47	2025-09-01 16:25:00	0	00:20:31	3.8	1	8.6	0
1001	8	3	2025-09-05 04:11:47	2025-09-01 16:44:00	0	00:09:41	2.49	1	7.2	0
1002	8	3	2025-09-05 04:11:47	2025-09-01 17:01:00	0	00:12:33	2.81	2	10.36	0
1003	8	3	2025-09-05 04:11:47	2025-09-01 17:15:00	0	00:16:36	4.13	2	10.31	0
1004	8	3	2025-09-05 04:11:47	2025-09-01 17:40:00	0	00:28:41	12.96	2	25.82	0
1005	8	3	2025-09-05 04:11:47	2025-09-01 18:33:00	0	00:05:38	2.69	2	8.86	0
1006	8	3	2025-09-05 04:11:47	2025-09-01 18:39:00	0	00:29:25	14.34	2	32.46	0
1007	8	3	2025-09-05 04:11:47	2025-09-01 19:26:00	0	00:26:51	7.83	2	13.09	0
1008	8	3	2025-09-05 04:11:47	2025-09-01 19:58:00	0	00:18:23	6.02	2	12.32	0
1009	8	3	2025-09-05 04:11:47	2025-09-01 20:23:00	0	00:03:03	0.87	1	5.62	0
1010	8	3	2025-09-05 04:11:47	2025-09-01 20:31:00	0	00:18:04	4.96	1	13.67	0
1011	8	3	2025-09-05 04:11:47	2025-09-01 20:56:00	0	00:11:52	4.67	1	8.95	0
1012	8	3	2025-09-05 04:11:47	2025-09-01 21:08:00	0	00:28:02	6.56	1	16.18	0
1013	8	3	2025-09-05 04:11:47	2025-09-01 21:38:00	0	00:05:25	1.44	1	11.24	0
1014	8	3	2025-09-05 04:11:47	2025-09-01 21:53:00	0	00:08:01	1.73	1	8.2	0
1015	8	3	2025-09-05 04:11:47	2025-09-01 22:22:00	0	00:09:33	3.48	1	12.09	0
1016	8	3	2025-09-05 04:11:47	2025-09-01 22:36:00	7614	00:29:42	10.95	1	23.62	0
1017	8	3	2025-09-05 04:11:47	2025-09-02 15:37:00	0	00:08:21	3.11	1	6.82	0
1018	8	3	2025-09-05 04:11:47	2025-09-02 15:47:00	0	00:24:08	10.46	1	21.37	0
1019	8	3	2025-09-05 04:11:47	2025-09-02 16:21:00	0	00:44:28	15.05	2	30.63	0
1020	8	3	2025-09-05 04:11:47	2025-09-02 17:11:00	0	00:33:05	9.3	2	25.81	0
1021	8	3	2025-09-05 04:11:47	2025-09-02 17:54:00	0	00:18:32	9.26	2	21.64	0
1022	8	3	2025-09-05 04:11:47	2025-09-02 18:37:00	0	00:12:26	3.08	2	8.35	0
1023	8	3	2025-09-05 04:11:47	2025-09-02 18:53:00	0	00:05:17	1.44	2	6.21	0
1024	8	3	2025-09-05 04:11:47	2025-09-02 19:01:00	0	00:12:37	3.68	2	10.28	0
1025	8	3	2025-09-05 04:11:47	2025-09-02 19:20:00	0	00:18:29	8.48	2	14.41	0
1026	8	3	2025-09-05 04:11:47	2025-09-02 19:55:00	0	00:07:52	3.61	2	9.57	0
1027	8	3	2025-09-05 04:11:47	2025-09-02 20:12:00	0	00:13:52	6.15	1	14.62	0
1028	8	3	2025-09-05 04:11:47	2025-09-02 20:33:00	7726	00:19:07	8.97	1	17.43	0
1030	8	3	2025-09-05 04:11:47	2025-09-03 15:23:00	0	00:06:25	1.19	1	5.62	0
1031	8	3	2025-09-05 04:11:47	2025-09-03 15:25:00	0	00:14:32	4.39	1	10.57	0
1032	8	3	2025-09-05 04:11:47	2025-09-03 15:50:00	0	00:04:52	1.5	1	5.62	0
1033	8	3	2025-09-05 04:11:47	2025-09-03 16:00:00	0	00:15:19	6.02	1	15.15	0
1034	8	3	2025-09-05 04:11:47	2025-09-03 16:31:00	0	00:20:17	6.47	1	16.69	0
1035	8	3	2025-09-05 04:11:47	2025-09-03 16:54:00	0	00:07:09	2.03	2	9.62	0
1036	8	3	2025-09-05 04:11:47	2025-09-03 17:11:00	0	00:11:21	3.2	2	15.22	0
1037	8	3	2025-09-05 04:11:47	2025-09-03 17:23:00	0	00:17:22	3.31	2	11.63	0
1038	8	3	2025-09-05 04:11:47	2025-09-03 17:56:00	0	00:17:44	4.45	2	19.2	0
1039	8	3	2025-09-05 04:11:47	2025-09-03 18:19:00	0	00:08:47	2.38	2	9.6	0
1040	8	3	2025-09-05 04:11:47	2025-09-03 18:33:00	0	00:06:07	1.44	2	6.25	0
1041	8	3	2025-09-05 04:11:47	2025-09-03 18:40:00	0	00:23:40	5.2	2	17.08	0
1042	8	3	2025-09-05 04:11:47	2025-09-03 19:08:00	0	00:04:53	1.35	2	5.62	0
1043	8	3	2025-09-05 04:11:47	2025-09-03 19:20:00	0	00:07:46	2.1	2	9.88	0
1044	8	3	2025-09-05 04:11:47	2025-09-03 19:36:00	0	00:06:30	1.87	2	7.05	0
1045	8	3	2025-09-05 04:11:47	2025-09-03 19:49:00	0	00:16:52	9.41	2	17.27	0
1046	8	3	2025-09-05 04:11:47	2025-09-03 20:24:00	0	00:33:15	16.2	1	28.27	0
1047	8	3	2025-09-05 04:11:47	2025-09-03 21:33:00	0	00:06:20	2.67	1	7.38	0
1048	8	3	2025-09-05 04:11:47	2025-09-03 21:49:00	7859	00:13:41	5.47	1	11.99	0
1049	8	3	2025-09-05 03:42:15	2025-09-04 15:33:00	0	00:35:43	16.2	1	28.51	0
1050	8	3	2025-09-05 03:44:38	2025-09-04 16:30:00	0	00:03:03	0.96	1	7.55	0
986	3	3	2025-09-05 04:11:46	2025-08-31 20:04:00	0	00:00:00	0	0	180.64	30.157
1029	3	3	2025-09-05 04:11:47	2025-09-03 15:15:00	0	00:00:00	0	0	111.71	18.65
1051	8	3	2025-09-05 03:46:09	2025-09-04 16:44:00	0	00:22:19	8.63	2	17.44	0
1052	8	3	2025-09-05 03:47:34	2025-09-04 17:11:00	0	00:22:31	5.78	2	15.86	0
1053	8	3	2025-09-05 03:48:54	2025-09-04 17:39:00	0	00:59:11	14.86	2	37	0
1054	8	3	2025-09-05 03:49:35	2025-09-04 18:44:00	0	00:14:19	2.56	2	8.31	0
1055	8	3	2025-09-05 03:50:30	2025-09-04 18:57:00	0	00:46:25	12.29	2	28.46	0
1056	8	3	2025-09-05 03:51:34	2025-09-04 19:51:00	0	00:06:21	1.58	2	6.76	0
1057	8	3	2025-09-05 03:52:36	2025-09-04 20:07:00	0	00:16:52	6.48	1	14.09	0
1058	8	3	2025-09-05 03:53:19	2025-09-04 20:40:00	0	00:15:20	6.69	1	13.28	0
1059	8	3	2025-09-05 03:54:22	2025-09-04 21:09:00	0	00:25:08	12.49	1	20.07	0
1060	8	3	2025-09-05 03:56:07	2025-09-04 21:54:00	0	00:16:35	7.82	1	26.42	0
1061	1	1	2025-09-05 04:02:06	2025-07-03 08:43:00	11734	00:00:00	0	0	2336.41	0
1062	5	1	2025-09-05 04:30:04	2025-07-11 05:53:00	0	00:00:00	0	0	293.46	0
1063	1	2	2025-09-05 04:33:20	2025-08-01 08:15:00	0	00:00:00	0	0	2336.41	0
1064	5	1	2025-09-05 04:34:29	2025-07-07 17:07:00	0	00:00:00	0	0	293.46	0
1065	7	1	2025-09-05 04:35:21	2025-07-18 08:15:00	14240	00:00:00	0	0	925.76	0
1067	4	3	2025-09-06 14:05:00	2025-07-15 18:01:00	0	00:00:00	0	0	35	0
1068	4	3	2025-09-06 17:06:47	2025-07-31 17:00:00	0	00:00:00	0	0	35	0
1069	1	3	2025-09-06 17:12:20	2025-09-01 14:24:00	0	00:00:00	0	0	2336.41	0
1070	8	3	2025-09-07 05:33:35	2025-09-06 15:03:00	0	00:12:03	8.22	1	14.51	0
1071	8	3	2025-09-07 05:34:45	2025-09-06 15:26:00	0	00:09:49	6.37	1	15.81	0
1072	8	3	2025-09-07 05:35:31	2025-09-06 15:34:00	0	00:07:23	1.55	1	11.7	0
1073	8	3	2025-09-07 05:36:35	2025-09-06 15:59:00	0	00:08:44	3.42	1	7.38	0
1074	8	3	2025-09-07 05:38:22	2025-09-06 16:09:00	0	00:39:16	16.22	1	30.46	0
1075	8	3	2025-09-07 05:39:24	2025-09-06 16:42:00	0	00:24:30	4.1	1	11.12	0
1076	8	3	2025-09-07 05:40:18	2025-09-06 17:19:00	0	00:21:37	4.53	1	13.89	0
1077	8	3	2025-09-07 05:41:05	2025-09-06 17:27:00	0	00:21:35	6.22	1	10.1	0
1078	8	3	2025-09-07 05:42:27	2025-09-06 18:16:00	0	00:15:05	4.04	1	12.07	0
1079	8	3	2025-09-07 05:43:12	2025-09-06 18:32:00	0	00:21:21	8.82	2	22.68	0
1080	8	3	2025-09-07 05:43:54	2025-09-06 19:01:00	0	00:35:30	18.47	2	44.68	0
1081	8	3	2025-09-07 05:44:41	2025-09-06 19:29:00	0	00:27:18	12.78	2	25.59	0
1082	8	3	2025-09-07 05:46:19	2025-09-06 20:09:00	0	00:03:22	1.18	2	7.69	0
1083	8	3	2025-09-07 05:49:50	2025-09-06 20:17:00	0	00:05:11	1.24	2	5.67	0
1084	8	3	2025-09-07 05:51:53	2025-09-06 20:24:00	0	00:03:21	0.95	2	5.62	0
1085	8	3	2025-09-07 05:52:55	2025-09-06 20:31:00	0	00:11:12	3.16	2	8.95	0
1086	8	3	2025-09-07 05:53:49	2025-09-06 20:44:00	0	00:50:56	28.85	2	41.58	0
1087	8	3	2025-09-07 05:55:28	2025-09-06 21:47:00	0	00:13:47	4.37	2	11.98	0
1088	8	3	2025-09-07 05:56:11	2025-09-06 21:56:00	0	00:02:27	0.5	2	5.98	0
1089	8	3	2025-09-07 05:57:47	2025-09-06 22:12:00	0	00:35:06	12.99	2	29.48	0
1090	8	3	2025-09-07 05:59:01	2025-09-06 22:53:00	0	00:09:26	3.17	2	13.32	0
1091	8	3	2025-09-07 06:00:03	2025-09-06 23:01:00	0	00:08:47	2.34	2	9.51	0
1092	8	3	2025-09-07 06:02:34	2025-09-06 23:17:00	0	00:03:38	0.85	2	9.37	0
1093	8	3	2025-09-07 06:06:39	2025-09-06 23:25:00	0	00:13:36	4.93	2	11.83	0
1094	8	3	2025-09-07 06:07:29	2025-09-06 23:44:00	8217	00:15:11	6.99	2	20.55	0
1095	8	3	2025-09-07 06:08:37	2025-09-07 00:09:00	0	00:08:33	3.82	2	13.41	0
1096	8	3	2025-09-07 06:09:44	2025-09-07 00:22:00	0	00:13:42	7.53	2	16.96	0
1097	8	3	2025-09-07 06:10:48	2025-09-07 00:54:00	0	00:40:00	27.03	2	52.01	0
1100	8	3	2025-09-08 17:05:38	2025-09-07 15:03:00	0	00:08:33	4.1	1	12.37	0
1101	8	3	2025-09-08 17:07:39	2025-09-07 15:20:00	0	00:11:27	4.95	1	11.28	0
1102	8	3	2025-09-08 17:34:05	2025-09-07 15:41:00	0	00:05:05	1.44	1	11.35	0
1103	8	3	2025-09-08 17:35:05	2025-09-07 16:00:00	0	00:00:00	0	0	4.54	0
1104	8	3	2025-09-08 17:36:28	2025-09-07 16:06:00	0	00:41:04	16.86	1	29.92	0
1105	8	3	2025-09-08 17:37:05	2025-09-07 17:01:00	0	00:18:30	9	1	20	0
1106	8	3	2025-09-08 17:38:40	2025-09-07 17:23:00	0	00:05:10	1.86	1	6.96	0
1107	8	3	2025-09-08 17:39:35	2025-09-07 17:41:00	0	01:03:00	27.68	1	55.9	0
1108	8	3	2025-09-08 17:40:40	2025-09-07 18:35:00	0	00:37:35	25.42	1	50.18	0
1109	8	3	2025-09-08 17:41:24	2025-09-07 19:33:00	0	00:38:02	20.46	1	37.58	0
1110	8	3	2025-09-08 17:42:42	2025-09-07 20:19:00	0	00:35:02	15.4	1	28.45	0
1111	8	3	2025-09-08 17:43:24	2025-09-07 20:54:00	0	00:15:18	6.31	1	15.1	0
1112	8	3	2025-09-08 17:45:21	2025-09-07 21:08:00	0	00:10:42	3.37	1	11.8	0
1113	8	3	2025-09-08 17:46:04	2025-09-07 21:27:00	0	00:17:57	5.27	1	21.43	0
1114	8	3	2025-09-08 17:46:59	2025-09-07 21:49:00	0	00:19:47	7.15	1	22.19	0
1115	8	3	2025-09-08 17:47:45	2025-09-07 22:17:00	0	00:29:41	12.7	1	28.32	0
1116	8	3	2025-09-08 17:50:09	2025-09-07 22:51:00	8456	00:12:36	6.36	1	18.08	0
1117	8	3	2025-09-11 13:54:07	2025-09-09 16:17:00	0	00:09:11	3.18	1	9.94	0
1118	8	3	2025-09-11 13:57:07	2025-09-09 16:26:00	0	00:12:34	5.17	1	11.11	0
1119	8	3	2025-09-11 13:58:16	2025-09-09 16:45:00	0	00:08:04	2.27	1	8.16	0
1120	8	3	2025-09-11 13:59:26	2025-09-09 16:57:00	0	00:02:54	0.9	2	5.62	0
1121	8	3	2025-09-11 14:00:12	2025-09-09 17:00:00	0	00:15:00	5.06	2	10.75	0
1122	8	3	2025-09-11 14:01:23	2025-09-09 17:26:00	0	00:12:42	0	2	14.08	0
1123	8	3	2025-09-11 14:02:42	2025-09-09 17:41:00	0	00:38:25	10.7	2	29.87	0
1124	8	3	2025-09-11 14:06:48	2025-09-09 18:31:00	0	15:01:00	3.98	2	12.31	0
1125	8	3	2025-09-11 14:10:34	2025-09-09 18:53:00	0	00:05:37	1.9	2	7.1	0
1099	3	3	2025-09-08 16:57:16	2025-09-07 15:02:00	0	00:00:00	0	0	88.41	14.76
1066	3	3	2025-09-06 16:50:50	2025-08-06 14:16:00	0	00:00:00	0	0	44.92	7.5
1126	8	3	2025-09-11 14:11:26	2025-09-09 18:59:00	0	00:03:16	1.12	2	5.62	0
1127	8	3	2025-09-11 14:13:41	2025-09-09 19:03:00	0	00:23:30	9	2	18.15	0
1128	8	3	2025-09-11 14:14:40	2025-09-09 19:34:00	0	00:06:12	2.07	2	5.87	0
1129	8	3	2025-09-11 14:16:01	2025-09-09 19:47:00	0	00:12:24	3.9	2	13.86	0
1130	8	3	2025-09-11 14:16:47	2025-09-09 20:08:00	0	00:11:08	3.83	1	9.35	0
1131	8	3	2025-09-11 14:17:34	2025-09-09 20:21:00	0	00:40:03	1.2	1	5.62	0
1132	8	3	2025-09-11 14:19:11	2025-09-09 20:33:00	0	00:03:53	1.38	1	5.62	0
1133	8	3	2025-09-11 14:20:13	2025-09-09 20:40:00	0	00:06:35	2.09	1	6.55	0
1134	8	3	2025-09-11 14:20:52	2025-09-09 20:50:00	0	00:08:09	1.94	1	9.09	0
1135	8	3	2025-09-11 14:21:39	2025-09-09 21:05:00	0	00:05:03	1.16	1	8.65	0
1136	8	3	2025-09-11 14:23:27	2025-09-09 21:24:00	0	00:10:59	4.57	1	11.31	0
1137	8	3	2025-09-11 14:24:17	2025-09-09 21:33:00	0	00:11:16	3.3	1	9.56	0
1138	8	3	2025-09-11 14:25:23	2025-09-09 21:46:00	0	00:02:34	0.67	1	6.62	0
1139	8	3	2025-09-11 14:26:29	2025-09-09 21:52:00	0	00:14:27	5.08	1	16.75	0
1140	8	3	2025-09-11 14:27:09	2025-09-09 21:15:00	0	00:11:08	4.65	1	10.24	0
1141	8	3	2025-09-11 14:29:26	2025-09-09 22:20:00	8569	00:31:00	1.22	1	7.37	0
1143	8	3	2025-09-11 14:37:00	2025-09-10 18:00:00	0	00:11:34	3.69	2	8.83	0
1144	8	3	2025-09-11 14:37:35	2025-09-10 18:14:00	0	00:06:07	1.33	2	6.59	0
1145	8	3	2025-09-11 14:38:29	2025-09-10 18:30:00	0	00:31:38	13.3	2	28.2	0
1146	8	3	2025-09-11 14:43:10	2025-09-10 19:05:00	0	00:09:29	5.33	2	11.65	0
1147	8	3	2025-09-11 14:44:39	2025-09-10 19:18:00	0	00:05:59	2.72	2	6.79	0
1148	8	3	2025-09-11 14:46:07	2025-09-10 19:26:00	0	00:08:57	3.65	2	8.65	0
1149	8	3	2025-09-11 14:47:10	2025-09-10 19:39:00	0	00:10:31	3.62	2	12.96	0
1150	8	3	2025-09-11 14:48:33	2025-09-10 19:58:00	0	00:43:08	1.64	2	7.49	0
1151	8	3	2025-09-11 14:49:11	2025-09-10 20:03:00	0	00:05:24	1.55	1	9.09	0
1152	8	3	2025-09-11 14:49:54	2025-09-10 20:17:00	0	00:07:28	1.39	1	7.13	0
1153	8	3	2025-09-11 14:50:30	2025-09-10 20:29:00	0	00:00:00	0	0	4.55	0
1154	8	3	2025-09-11 14:52:43	2025-09-10 22:14:00	0	00:08:13	3.87	1	8.71	0
1155	8	3	2025-09-11 14:55:50	2025-09-10 22:24:00	0	00:09:49	4.18	1	14.09	0
1156	8	3	2025-09-11 14:56:35	2025-09-10 22:44:00	0	00:06:02	2.62	1	7.94	0
1157	8	3	2025-09-11 14:57:12	2025-09-10 22:57:00	0	00:07:09	3.51	1	10.01	0
1158	8	3	2025-09-11 14:57:56	2025-09-10 23:14:00	0	00:03:55	0.92	1	7.78	0
1159	8	3	2025-09-11 15:01:20	2025-09-10 23:16:00	8701	00:05:51	2.87	1	8.97	0
1160	8	3	2025-09-12 03:55:55	2025-09-11 15:08:00	0	00:08:07	2.94	1	6.74	0
1161	8	3	2025-09-12 03:56:33	2025-09-11 15:22:00	0	00:11:59	5.08	1	9.04	0
1162	8	3	2025-09-12 03:57:36	2025-09-11 15:32:00	0	00:17:28	5.26	1	14.49	0
1163	8	3	2025-09-12 03:58:20	2025-09-11 16:00:00	0	00:20:13	5.27	1	13.72	0
1164	8	3	2025-09-12 03:59:04	2025-09-11 16:26:00	0	00:17:11	5.42	1	14.8	0
1165	8	3	2025-09-12 03:59:40	2025-09-11 16:48:00	0	00:48:40	10.15	2	22.31	0
1166	8	3	2025-09-12 04:00:55	2025-09-11 17:39:00	0	00:15:52	3.47	2	10.46	0
1167	8	3	2025-09-12 04:01:33	2025-09-11 17:51:00	0	00:14:48	2.52	2	8.76	0
1168	8	3	2025-09-12 04:02:46	2025-09-11 18:14:00	0	00:23:28	6.63	2	17.42	0
1169	8	3	2025-09-12 04:03:30	2025-09-11 18:44:00	0	00:15:56	5.06	2	15.03	0
1170	8	3	2025-09-12 04:04:08	2025-09-11 19:03:00	0	00:20:40	6.17	2	15.96	0
1171	8	3	2025-09-12 04:04:52	2025-09-11 19:24:00	0	00:04:38	1.42	2	5.62	0
1172	8	3	2025-09-12 04:05:38	2025-09-11 19:37:00	0	00:06:20	2.19	2	10.58	0
1173	8	3	2025-09-12 04:06:27	2025-09-11 19:53:00	0	00:04:53	1.89	2	7.18	0
1174	8	3	2025-09-12 04:07:04	2025-09-11 20:04:00	0	00:08:28	2.31	1	6.09	0
1175	8	3	2025-09-12 04:07:46	2025-09-11 20:29:00	0	00:15:16	3.55	1	10.95	0
1176	8	3	2025-09-12 04:08:25	2025-09-11 20:52:00	0	00:07:50	3.66	1	8.72	0
1177	8	3	2025-09-12 04:09:11	2025-09-11 20:59:00	0	00:06:17	1.66	1	10.15	0
1178	8	3	2025-09-12 04:10:46	2025-09-11 21:21:00	0	00:05:08	1.59	1	8.45	0
1179	8	3	2025-09-12 04:11:33	2025-09-11 21:35:00	0	00:05:19	1.47	1	5.62	0
1180	8	3	2025-09-12 04:12:12	2025-09-11 21:40:00	0	00:09:21	2.99	1	12.2	0
1181	8	3	2025-09-12 04:13:40	2025-09-11 22:05:00	0	00:05:47	2.67	1	7.74	0
1182	8	3	2025-09-12 04:14:22	2025-09-11 22:06:00	0	00:11:45	4.45	1	12.44	0
1183	8	3	2025-09-12 04:15:13	2025-09-11 22:27:00	0	00:31:45	10.87	1	25.05	0
1184	8	3	2025-09-12 04:16:34	2025-09-11 23:10:00	8846	00:15:07	3.59	1	20.36	0
1185	8	3	2025-09-13 05:20:30	2025-09-12 15:01:00	0	00:12:09	5.04	1	9.04	0
1186	8	3	2025-09-13 05:21:34	2025-09-12 15:12:00	0	00:04:51	1.55	1	6.34	0
1187	8	3	2025-09-13 05:22:09	2025-09-12 15:26:00	0	00:05:53	2.34	1	5.95	0
1188	8	3	2025-09-13 05:23:49	2025-09-12 15:41:00	0	00:08:42	2.68	1	7.41	0
1189	8	3	2025-09-13 05:24:56	2025-09-12 15:58:00	0	00:02:33	0.74	1	5.62	0
1190	8	3	2025-09-13 05:25:39	2025-09-12 16:05:00	0	00:03:16	1.09	1	6.64	0
1191	8	3	2025-09-13 05:26:15	2025-09-12 16:29:00	0	00:05:16	1.9	1	6.09	0
1192	8	3	2025-09-13 05:27:30	2025-09-12 16:36:00	0	00:08:55	1.48	1	7.89	0
1193	8	3	2025-09-13 05:29:13	2025-09-12 16:44:00	0	01:16:00	31.22	2	58.56	0
1194	8	3	2025-09-13 05:29:57	2025-09-12 18:09:00	0	00:30:25	6.37	2	17.08	0
1195	8	3	2025-09-13 05:30:40	2025-09-12 18:41:00	0	00:12:52	3.73	2	13.69	0
1196	8	3	2025-09-13 05:31:17	2025-09-12 19:06:00	0	00:10:23	4	2	11.84	0
1197	8	3	2025-09-13 05:31:54	2025-09-12 19:21:00	0	00:09:09	2.41	2	8.69	0
1198	8	3	2025-09-13 05:32:35	2025-09-12 19:37:00	0	00:12:59	4.41	2	10.49	0
1199	8	3	2025-09-13 05:33:12	2025-09-12 19:40:00	0	00:16:28	4.14	2	10.7	0
1200	8	3	2025-09-13 05:33:54	2025-09-12 20:12:00	0	00:08:19	3.05	2	12.91	0
1201	8	3	2025-09-13 05:34:37	2025-09-12 20:33:00	0	01:23:00	16.57	2	38.56	0
1202	8	3	2025-09-13 05:35:20	2025-09-12 22:06:00	0	00:29:00	3.01	2	15.09	0
1203	8	3	2025-09-13 05:36:25	2025-09-12 22:50:00	0	00:07:36	2.45	2	8.5	0
1204	8	3	2025-09-13 05:37:16	2025-09-12 23:05:00	0	00:07:42	3.06	2	8.02	0
1205	8	3	2025-09-13 05:38:00	2025-09-12 23:15:00	0	00:07:21	3.09	2	11.92	0
1206	8	3	2025-09-13 05:39:27	2025-09-12 23:37:00	9028	00:31:37	21.44	2	32.13	0
1207	8	3	2025-09-13 05:40:30	2025-09-13 00:15:00	0	00:06:39	2.55	2	11.1	0
1208	8	3	2025-09-13 05:41:14	2025-09-13 00:34:00	0	00:05:19	2.93	2	10.31	0
1209	8	3	2025-09-15 04:43:35	2025-09-14 14:41:00	0	00:09:43	4.21	1	11.18	0
1210	8	3	2025-09-15 04:44:30	2025-09-14 14:56:00	0	00:05:37	1.72	1	7.63	0
1211	8	3	2025-09-15 04:45:18	2025-09-14 15:08:00	0	00:08:22	2.61	1	10.42	0
1212	8	3	2025-09-15 04:46:22	2025-09-14 15:22:00	0	00:06:28	1.96	1	5.62	0
1213	8	3	2025-09-15 04:47:08	2025-09-14 15:26:00	0	00:09:37	2.59	1	5.62	0
1214	8	3	2025-09-15 04:47:49	2025-09-14 15:39:00	0	00:14:31	4.32	1	11.72	0
1215	8	3	2025-09-15 04:48:25	2025-09-14 16:00:00	0	00:24:41	6.65	1	14.49	0
1216	8	3	2025-09-15 04:49:04	2025-09-14 16:30:00	0	00:14:16	5	1	11.33	0
1217	8	3	2025-09-15 04:50:18	2025-09-14 16:50:00	0	00:21:31	5.42	1	17.64	0
1218	8	3	2025-09-15 04:51:05	2025-09-14 17:28:00	0	00:07:39	1.53	1	10.07	0
1219	8	3	2025-09-15 04:51:51	2025-09-14 17:39:00	0	00:16:29	5.71	1	16.82	0
1220	8	3	2025-09-15 04:53:30	2025-09-14 18:11:00	0	00:28:31	15.15	1	31.04	0
1221	8	3	2025-09-15 04:54:40	2025-09-14 18:41:00	0	00:11:37	4.43	1	13.08	0
1222	8	3	2025-09-15 04:55:16	2025-09-14 19:02:00	0	00:14:13	6.37	1	17.43	0
1223	8	3	2025-09-15 04:56:01	2025-09-14 19:19:00	0	00:14:00	5.53	1	12.84	0
1224	8	3	2025-09-15 04:56:40	2025-09-14 20:00:00	0	00:25:53	10.74	1	24.51	0
1225	8	3	2025-09-15 04:57:17	2025-09-14 20:28:00	0	00:08:09	2.33	1	9.35	0
1226	8	3	2025-09-15 04:58:11	2025-09-14 20:41:00	0	00:06:34	1.8	1	12.72	0
1227	8	3	2025-09-15 04:59:03	2025-09-14 20:52:00	0	00:05:40	1.74	1	12.76	0
1228	8	3	2025-09-15 05:00:15	2025-09-14 21:06:00	0	00:03:25	1	1	6.48	0
1229	8	3	2025-09-15 05:01:01	2025-09-14 21:14:00	0	00:06:42	1.84	1	10.78	0
1230	8	3	2025-09-15 05:03:04	2025-09-14 21:29:00	0	00:35:06	20.37	1	42.63	0
1231	8	3	2025-09-15 05:04:34	2025-09-14 21:59:00	0	00:33:40	13.2	1	26.99	0
1232	8	3	2025-09-15 05:05:29	2025-09-14 22:45:00	0	00:03:11	9	1	5.62	0
1233	8	3	2025-09-15 05:06:09	2025-09-14 22:54:00	0	00:05:51	2.07	1	9.27	0
1234	8	3	2025-09-15 05:06:47	2025-09-14 23:01:00	0	00:19:35	7.16	1	22.24	0
1235	8	3	2025-09-15 05:07:36	2025-09-14 23:27:00	0	00:10:08	3.8	1	8.96	0
1236	8	3	2025-09-15 05:09:09	2025-09-14 23:43:00	9204	00:16:50	5.59	1	25.8	0
1237	8	3	2025-09-15 05:10:09	2025-09-15 00:01:00	0	00:06:23	1.51	1	6.06	0
1238	8	3	2025-09-15 05:10:43	2025-09-15 00:15:00	0	00:04:48	1.27	1	6.62	0
1239	8	3	2025-09-15 05:11:23	2025-09-15 00:29:00	0	00:05:28	1.74	1	10.54	0
1240	8	3	2025-09-16 03:01:20	2025-09-15 15:39:00	0	00:08:22	2.98	1	7.52	0
1241	8	3	2025-09-16 03:02:06	2025-09-15 16:02:00	0	00:03:38	1.06	1	5.62	0
1242	8	3	2025-09-16 03:03:17	2025-09-15 16:09:00	0	00:06:22	2.48	1	8.28	0
1243	8	3	2025-09-16 03:04:01	2025-09-15 16:29:00	0	00:14:52	6.09	1	13.77	0
1244	8	3	2025-09-16 03:04:37	2025-09-15 16:46:00	0	00:09:48	2.51	2	8.65	0
1245	8	3	2025-09-16 03:05:10	2025-09-15 17:01:00	0	00:04:04	1.23	2	5.62	0
1246	8	3	2025-09-16 03:05:48	2025-09-15 17:06:00	0	00:12:18	2	2	11.82	0
1247	8	3	2025-09-16 03:07:03	2025-09-15 17:33:00	0	00:03:36	1.26	2	5.62	0
1248	8	3	2025-09-16 03:07:53	2025-09-15 17:49:00	0	00:04:06	0.84	2	5.73	0
1249	8	3	2025-09-16 03:08:31	2025-09-15 18:04:00	0	00:27:32	5	2	17.87	0
1250	8	3	2025-09-16 03:09:07	2025-09-15 18:31:00	0	00:06:06	1.41	2	9.4	0
1251	8	3	2025-09-16 03:10:19	2025-09-15 18:57:00	0	00:04:40	1.4	2	7.24	0
1252	8	3	2025-09-16 03:11:44	2025-09-15 19:08:00	0	00:05:56	2.02	2	7.77	0
1253	8	3	2025-09-16 03:12:17	2025-09-15 19:21:00	0	00:04:06	0.78	2	7.37	0
1254	8	3	2025-09-16 03:13:32	2025-09-15 19:26:00	0	00:08:21	2.18	2	5.99	0
1255	8	3	2025-09-16 03:14:14	2025-09-15 19:37:00	0	00:15:30	4.36	2	16.56	0
1256	8	3	2025-09-16 03:14:50	2025-09-15 20:00:00	0	00:06:25	1.38	1	6.59	0
1257	8	3	2025-09-16 03:15:30	2025-09-15 20:16:00	0	00:09:31	3.93	1	8.37	0
1258	8	3	2025-09-16 03:16:31	2025-09-15 20:32:00	0	00:17:16	4.24	1	10.09	0
1259	8	3	2025-09-16 03:17:06	2025-09-15 20:50:00	0	00:06:44	1.98	1	8.13	0
1260	8	3	2025-09-16 03:17:57	2025-09-15 21:04:00	0	00:19:04	5.66	1	14.64	0
1261	8	3	2025-09-16 03:18:57	2025-09-15 21:23:00	0	00:02:58	0.96	1	5.62	0
1262	8	3	2025-09-16 03:19:49	2025-09-15 21:31:00	0	00:09:55	3.06	1	9.95	0
1263	8	3	2025-09-16 03:20:37	2025-09-15 21:40:00	0	00:05:34	1.97	1	5.62	0
1264	8	3	2025-09-16 03:21:17	2025-09-15 22:04:00	0	00:22:11	8.52	1	17.28	0
1265	8	3	2025-09-16 03:22:30	2025-09-15 22:16:00	9335	00:04:16	1.34	1	8.22	0
1266	8	3	2025-09-20 04:12:45	2025-09-16 16:20:00	0	00:28:10	10.35	1	23.01	0
1267	8	3	2025-09-20 04:13:27	2025-09-16 16:54:00	0	00:05:55	1.41	2	5.62	0
1268	8	3	2025-09-20 04:14:23	2025-09-16 17:25:00	0	00:38:32	21.08	2	36.18	0
1269	8	3	2025-09-20 04:15:18	2025-09-16 17:49:00	0	00:07:14	1.82	2	6.36	0
1270	8	3	2025-09-20 04:15:54	2025-09-16 17:59:00	0	00:11:53	2.98	2	7.61	0
1271	8	3	2025-09-20 04:16:33	2025-09-16 18:03:00	0	00:48:46	13.04	2	28.06	0
1272	8	3	2025-09-20 04:17:12	2025-09-16 19:03:00	0	00:10:28	2.58	2	9.15	0
1273	8	3	2025-09-20 04:17:50	2025-06-29 19:20:00	0	00:05:14	1.12	2	5.62	0
1274	8	3	2025-09-20 04:18:39	2025-09-16 19:32:00	0	00:23:52	8.17	2	14.28	0
1275	8	3	2025-09-20 04:19:46	2025-09-16 19:50:00	0	00:25:48	7.7	2	14.78	0
1276	8	3	2025-09-20 04:20:35	2025-09-16 20:30:00	0	00:03:09	1.01	1	5.62	0
1277	8	3	2025-09-20 04:21:33	2025-09-16 21:04:00	0	00:40:18	18.13	1	32.49	0
1278	8	3	2025-09-20 04:22:34	2025-09-16 21:55:00	0	00:06:47	2.35	1	6.34	0
1279	8	3	2025-09-20 04:23:18	2025-09-16 22:01:00	0	00:05:51	1.87	1	6.9	0
1280	8	3	2025-09-20 04:24:21	2025-09-16 22:24:00	0	00:17:39	7.08	1	15.94	0
1281	8	3	2025-09-20 04:26:34	2025-09-16 22:40:00	9499	00:11:40	5.23	1	11.57	0
1282	8	3	2025-09-20 04:30:53	2025-09-17 15:50:00	0	00:19:06	6.34	1	11.97	0
1283	8	3	2025-09-20 04:31:58	2025-09-17 16:14:00	0	00:26:59	11.3	1	23.89	0
1284	8	3	2025-09-20 04:33:31	2025-09-17 16:47:00	0	01:07:00	24.58	2	48.97	0
1285	8	3	2025-09-20 04:35:28	2025-09-17 18:07:00	0	00:12:09	2.73	2	12.52	0
1286	8	3	2025-09-20 04:36:18	2025-09-17 18:09:00	0	00:38:41	13.85	2	28.62	0
1287	8	3	2025-09-20 04:39:11	2025-09-17 19:06:00	0	00:35:20	9.6	2	17.53	0
1288	8	3	2025-09-20 04:40:45	2025-09-17 19:44:00	0	00:06:19	0.79	2	7.87	0
1289	8	3	2025-09-20 04:42:30	2025-09-17 20:01:00	0	00:04:44	1.68	1	10.92	0
1290	8	3	2025-09-20 04:43:46	2025-09-17 20:28:00	0	00:04:19	0.99	1	9.15	0
1291	8	3	2025-09-20 04:44:29	2025-09-17 20:55:00	0	00:29:14	12.56	1	23.23	0
1292	8	3	2025-09-20 04:47:59	2025-09-17 21:31:00	0	00:08:49	2.92	1	10.38	0
1293	8	3	2025-09-20 04:49:21	2025-09-17 21:40:00	0	00:06:05	2.39	1	7.91	0
1294	8	3	2025-09-20 04:49:55	2025-09-17 21:52:00	0	00:05:40	2.13	1	11.99	0
1295	8	3	2025-09-20 04:50:39	2025-09-17 22:10:00	0	00:04:33	2.18	1	9	0
1296	8	3	2025-09-20 04:51:34	2025-09-17 22:11:00	0	00:16:20	9.02	1	20.72	0
1297	8	3	2025-09-20 04:53:03	2025-09-17 22:39:00	0	00:06:58	2.29	1	9.82	0
1298	8	3	2025-09-20 04:54:11	2025-09-17 22:57:00	9662	00:13:44	8.32	1	16.75	0
1299	8	3	2025-09-20 04:56:22	2025-09-18 15:37:00	0	00:39:33	23.59	1	33.21	0
1300	8	3	2025-09-20 04:57:12	2025-09-18 16:31:00	0	00:09:27	2.59	1	6.62	0
1301	8	3	2025-09-20 04:57:57	2025-09-18 16:36:00	0	01:10:00	23.44	2	48.04	0
1302	8	3	2025-09-20 04:58:30	2025-09-18 17:53:00	0	00:06:41	1.66	2	5.62	0
1303	8	3	2025-09-20 04:59:08	2025-09-18 18:02:00	0	00:07:05	1.91	2	7.64	0
1304	8	3	2025-09-20 04:59:44	2025-09-18 18:17:00	0	00:36:17	9.58	2	23.25	0
1305	8	3	2025-09-20 05:00:25	2025-09-18 19:10:00	0	00:06:22	1.84	2	11.62	0
1306	8	3	2025-09-20 05:30:02	2025-09-18 19:21:00	0	00:13:29	5.93	2	10.31	0
1307	8	3	2025-09-20 05:30:48	2025-09-18 19:37:00	0	00:09:28	1.96	2	6.87	0
1308	8	3	2025-09-20 05:31:31	2025-09-18 19:35:00	0	00:07:43	1.92	2	10.03	0
1309	8	3	2025-09-20 05:32:25	2025-09-18 20:06:00	0	00:13:29	4.15	1	9.73	0
1310	8	3	2025-09-20 05:33:57	2025-09-18 20:27:00	0	00:13:52	5.9	1	13.23	0
1311	8	3	2025-09-20 05:34:34	2025-09-18 20:40:00	0	00:14:10	3.51	1	9.41	0
1312	8	3	2025-09-20 05:35:53	2025-09-18 21:24:00	9779	00:08:39	2.69	1	10.03	0
1316	8	3	2025-09-22 03:17:48	2025-09-20 16:02:00	0	00:12:51	4.74	1	10.05	0
1317	8	3	2025-09-22 03:18:24	2025-09-20 16:14:00	0	00:09:19	2.81	1	8.45	0
1318	8	3	2025-09-22 03:19:02	2025-09-20 16:22:00	0	00:09:21	3.08	1	8.46	0
1319	8	3	2025-09-22 03:19:38	2025-09-20 16:42:00	0	00:04:44	1.48	1	5.62	0
1320	8	3	2025-09-22 03:21:55	2025-09-20 16:46:00	0	00:03:39	1.18	1	9.48	0
1321	8	3	2025-09-22 03:27:34	2025-09-20 16:52:00	0	00:08:41	2.52	1	8.38	0
1322	8	3	2025-09-22 03:28:34	2025-09-20 17:08:00	0	00:13:33	4.42	1	15.99	0
1323	8	3	2025-09-22 03:29:46	2025-09-20 17:31:00	0	00:11:39	2.66	1	16.45	0
1324	8	3	2025-09-22 03:30:53	2025-09-20 17:47:00	0	00:33:09	10.68	1	29.55	0
1325	8	3	2025-09-22 03:32:40	2025-09-20 18:22:00	0	00:33:45	10.01	2	29.09	0
1326	8	3	2025-09-22 03:33:24	2025-09-20 18:42:00	0	00:17:52	5.75	2	22.04	0
1327	8	3	2025-09-22 03:34:03	2025-09-20 19:24:00	0	00:12:22	3.89	2	12.44	0
1328	8	3	2025-09-22 03:34:51	2025-09-20 19:27:00	0	00:50:21	20.96	2	42.23	0
1329	8	3	2025-09-22 03:35:25	2025-09-20 20:38:00	0	00:02:56	1.05	2	5.62	0
1330	8	3	2025-09-22 03:37:19	2025-09-20 20:43:00	0	00:26:19	14.56	2	31.16	0
1331	8	3	2025-09-22 03:38:00	2025-09-20 21:14:00	0	00:05:55	2.28	2	9.9	0
1332	8	3	2025-09-22 03:38:41	2025-09-20 21:22:00	0	00:08:01	2.67	2	11.33	0
1333	8	3	2025-09-22 03:40:07	2025-09-20 21:40:00	0	00:09:13	2.79	2	9.94	0
1334	8	3	2025-09-22 03:41:47	2025-09-20 21:52:00	9925	00:10:34	3.75	2	10.81	0
1335	8	3	2025-09-22 03:44:38	2025-09-21 16:36:00	0	00:12:44	5.17	1	10.97	0
1336	8	3	2025-09-22 03:45:37	2025-09-21 16:38:00	0	00:06:34	2.38	1	7.8	0
1337	8	3	2025-09-22 03:46:13	2025-09-21 17:02:00	0	00:27:08	9.41	1	40.38	0
1338	8	3	2025-09-22 03:46:50	2025-09-21 17:44:00	0	00:26:30	6.77	1	25.61	0
1339	8	3	2025-09-22 03:49:07	2025-09-21 18:05:00	0	00:06:41	1.95	1	12.89	0
1340	8	3	2025-09-22 03:49:58	2025-09-21 18:17:00	0	00:18:32	12.57	1	23.64	0
1341	8	3	2025-09-22 03:50:29	2025-09-21 18:44:00	0	00:14:50	6.51	1	20.06	0
1342	8	3	2025-09-22 03:51:11	2025-09-21 19:07:00	0	00:09:27	3.17	1	11.4	0
1343	8	3	2025-09-22 03:52:36	2025-09-21 19:12:00	0	00:56:43	25.27	1	45.02	0
1344	8	3	2025-09-22 03:54:26	2025-09-21 20:15:00	0	00:04:07	0.95	1	8.6	0
1345	8	3	2025-09-22 03:55:37	2025-09-21 20:30:00	0	00:10:32	2.86	1	16.64	0
1346	8	3	2025-09-22 03:59:31	2025-09-21 20:43:00	0	00:19:04	7.6	1	23.45	0
1347	8	3	2025-09-22 04:00:34	2025-09-21 21:07:00	0	00:08:47	3.57	1	10.68	0
1348	8	3	2025-09-22 04:05:13	2025-09-21 21:20:00	0	00:33:24	15.44	1	30.05	0
1349	8	3	2025-09-22 04:05:44	2025-09-21 21:57:00	0	00:16:24	5.73	1	21.48	0
1350	8	3	2025-09-22 04:06:21	2025-09-21 22:16:00	0	00:33:38	17.51	1	35.64	0
1351	8	3	2025-09-22 04:07:23	2025-09-21 23:00:00	10076	00:03:47	1.26	1	8.22	0
1315	3	3	2025-09-20 05:40:20	2025-09-18 22:02:00	0	00:00:00	0	0	190.18	31.75
1313	3	3	2025-09-20 05:38:47	2025-09-13 01:22:00	0	00:00:00	0	0	188.04	29.891
1314	3	3	2025-09-20 05:39:20	2025-09-16 16:13:00	0	00:00:00	0	0	159.46	26.621
1098	3	3	2025-09-07 06:24:40	2025-09-06 15:06:00	0	00:00:00	0	0	136.76	22.831
937	3	3	2025-09-05 04:11:46	2025-08-27 23:46:00	0	00:00:00	0	0	130.65	22.181
748	3	3	2025-09-05 04:11:45	2025-08-19 22:53:00	0	00:00:00	0	0	120.87	20.521
653	3	3	2025-09-05 04:11:44	2025-08-16 01:16:00	0	00:00:00	0	0	178.68	30.86
78	3	1	2025-09-05 04:11:39	2025-07-08 17:24:00	0	00:00:00	0	0	127.34	34.698
280	3	2	2025-09-05 04:11:41	2025-07-21 22:19:00	0	00:00:00	0	0	119.33	27.817
200	3	1	2025-09-05 04:11:41	2025-07-16 05:59:00	0	00:00:00	0	0	130.39	31.12
523	3	3	2025-09-05 04:11:43	2025-08-05 15:01:00	0	00:00:00	0	0	87.63	14.63
446	3	3	2025-09-05 04:11:42	2025-07-30 14:30:00	0	00:00:00	0	0	113.51	18.95
344	3	3	2025-09-05 04:11:42	2025-07-24 12:35:00	761	00:00:00	0	0	125.49	31.452
876	3	3	2025-09-05 04:11:46	2025-08-26 16:11:00	0	00:00:00	0	0	186.31	31.631
592	3	3	2025-09-05 04:11:43	2025-08-11 01:29:00	0	00:00:00	0	0	178.19	31.878
992	3	3	2025-09-05 04:11:47	2025-09-01 14:51:00	0	00:00:00	0	0	47.6	8.081
811	3	3	2025-09-05 04:11:45	2025-08-22 15:34:00	0	00:00:00	0	0	127.47	21.641
1142	3	3	2025-09-11 14:34:20	2025-09-10 21:12:00	0	00:00:00	0	0	191.74	32.01
50	3	1	2025-09-05 04:11:39	2025-07-07 00:00:00	0	00:00:00	0	0	100.71	21.473
1354	3	3	2025-10-03 13:50:26.657244	2025-09-23 21:31:00	0	00:00:00	0	0	154.9	25.86
1355	6	3	2025-10-03 13:54:08.186823	2025-09-23 22:59:00	0	00:00:00	0	0	4	0
1356	6	3	2025-10-03 13:54:56.581812	2025-09-23 23:49:00	0	00:00:00	0	0	13.8	0
1357	6	3	2025-10-03 13:56:07.098145	2025-09-23 23:08:00	0	00:00:00	0	0	9.4	0
1358	6	3	2025-10-03 13:57:05.254129	2025-09-24 00:14:00	0	00:00:00	0	0	19.4	0
1359	6	3	2025-10-03 13:57:48.581459	2025-09-24 01:12:00	0	00:00:00	0	0	19.4	0
1360	6	3	2025-10-03 13:58:27.146711	2025-09-24 01:49:00	0	00:00:00	0	0	13.2	0
1361	6	3	2025-10-03 14:03:49.159963	2025-09-24 02:30:00	0	00:00:00	0	0	3.7	0
1362	6	3	2025-10-03 14:04:40.062201	2025-09-24 03:14:00	0	00:00:00	0	0	11.2	0
1363	3	3	2025-10-03 14:08:10.06482	2025-09-29 15:10:00	0	00:00:00	0	0	180.3	30.1
1364	8	3	2025-10-03 14:12:11.508473	2025-09-29 15:14:00	0	00:13:12	6	1	12.77	0
1365	8	3	2025-10-03 14:12:52.164986	2025-09-29 15:35:00	0	00:02:12	0.74	1	6.34	0
1366	8	3	2025-10-03 14:13:31.456217	2025-09-29 15:45:00	0	00:08:18	2.37	1	7.1	0
1367	8	3	2025-10-03 14:14:21.155397	2025-09-29 16:03:00	0	00:06:34	2.26	1	6.35	0
1368	8	3	2025-10-03 14:15:05.524017	2025-09-29 16:10:00	0	00:05:07	2.23	1	7.15	0
1369	8	3	2025-10-03 14:15:40.790253	2025-09-29 16:22:00	0	00:03:54	1.78	0	5.98	0
1370	8	3	2025-10-03 14:16:27.332322	2025-09-29 16:26:00	0	00:11:41	6.41	1	11.14	0
1371	8	3	2025-10-03 14:20:51.502073	2025-09-29 16:44:00	0	00:12:43	4.96	1	10.36	0
1372	8	3	2025-10-03 14:21:43.368298	2025-09-29 16:57:00	0	00:07:32	2.37	2	6.39	0
1373	8	3	2025-10-03 14:22:19.428037	2025-09-29 17:04:00	0	00:15:40	5.13	2	11.33	0
1374	8	3	2025-10-03 14:22:53.669248	2025-09-29 17:32:00	0	00:07:55	3.53	0	8.76	0
1375	8	3	2025-10-03 14:23:40.688327	2025-09-29 17:58:00	0	00:11:35	7.89	2	13.58	0
1376	8	3	2025-10-03 14:24:18.978378	2025-09-29 18:07:00	0	00:11:49	7	2	15.14	0
1377	8	3	2025-10-03 14:24:52.94753	2025-09-29 18:33:00	0	00:04:35	1.66	2	6.38	0
1378	8	3	2025-10-03 14:25:38.275645	2025-09-29 18:40:00	0	00:09:08	3.32	2	12.2	0
1379	8	3	2025-10-03 14:26:25.729989	2025-09-29 19:40:00	0	00:06:52	1.57	2	6.35	0
1380	8	3	2025-10-03 14:27:24.161175	2025-09-29 19:58:00	0	00:15:15	6.42	2	12.5	0
1381	8	3	2025-10-03 14:28:05.213315	2025-09-29 20:18:00	0	00:10:18	4.29	1	9.56	0
1382	8	3	2025-10-03 14:28:47.760557	2025-09-29 20:34:00	0	00:16:50	6.38	1	12.01	0
1383	8	3	2025-10-03 14:29:42.318591	2025-09-29 21:01:00	0	00:08:44	3.67	1	8.41	0
1384	8	3	2025-10-03 14:30:18.09764	2025-09-29 21:20:00	0	00:08:29	3.18	1	7.95	0
1385	8	3	2025-10-03 14:35:27.222544	2025-09-29 21:29:00	10744	00:06:59	4.4	1	9.54	0
1386	6	3	2025-10-08 13:30:37.693202	2025-10-07 18:40:00	0	00:00:00	0	0	11.2	0
1387	6	3	2025-10-08 13:31:14.463547	2025-10-07 19:30:00	0	00:00:00	0	0	3.7	0
1388	6	3	2025-10-08 13:32:01.267313	2025-10-07 20:08:00	0	00:00:00	0	0	13.2	0
1389	6	3	2025-10-08 13:32:52.655303	2025-10-07 20:46:00	0	00:00:00	0	0	19.4	0
1390	6	3	2025-10-08 13:33:45.599054	2025-10-07 21:42:00	0	00:00:00	0	0	19.4	0
1391	6	3	2025-10-08 13:34:27.14299	2025-10-07 22:10:00	0	00:00:00	0	0	13.8	0
1392	6	3	2025-10-08 13:35:16.924319	2025-10-07 22:29:00	0	00:00:00	0	0	12.6	0
1393	6	3	2025-10-08 13:35:54.071628	2025-10-07 23:01:00	0	00:00:00	0	0	4	0
1394	3	3	2025-10-08 13:37:12.643683	2025-10-07 21:23:00	0	00:00:00	0	0	188.02	28.7
\.


--
-- Data for Name: tipo; Type: TABLE DATA; Schema: public; Owner: uber
--

COPY public.tipo (id, sigla, descricao, contabil) FROM stdin;
1	A	Aluguel	-1
2	B	Bla Bla Car	1
3	G	Combustivel	-1
4	L	Lavagem	-1
5	M	Multa	-1
6	P	Pedagio	-1
7	S	Sinistro	-1
8	X	Uber X	1
\.


--
-- Name: carro_id_seq; Type: SEQUENCE SET; Schema: public; Owner: uber
--

SELECT pg_catalog.setval('public.carro_id_seq', 3, true);


--
-- Name: movimento_id_seq; Type: SEQUENCE SET; Schema: public; Owner: uber
--

SELECT pg_catalog.setval('public.movimento_id_seq', 1394, true);


--
-- Name: tipo_id_seq; Type: SEQUENCE SET; Schema: public; Owner: uber
--

SELECT pg_catalog.setval('public.tipo_id_seq', 8, true);


--
-- Name: carro carro_pkey; Type: CONSTRAINT; Schema: public; Owner: uber
--

ALTER TABLE ONLY public.carro
    ADD CONSTRAINT carro_pkey PRIMARY KEY (id);


--
-- Name: carro carro_placa_key; Type: CONSTRAINT; Schema: public; Owner: uber
--

ALTER TABLE ONLY public.carro
    ADD CONSTRAINT carro_placa_key UNIQUE (placa);


--
-- Name: movimento movimento_data_key; Type: CONSTRAINT; Schema: public; Owner: uber
--

ALTER TABLE ONLY public.movimento
    ADD CONSTRAINT movimento_data_key UNIQUE (data);


--
-- Name: movimento movimento_pkey; Type: CONSTRAINT; Schema: public; Owner: uber
--

ALTER TABLE ONLY public.movimento
    ADD CONSTRAINT movimento_pkey PRIMARY KEY (id);


--
-- Name: tipo tipo_pkey; Type: CONSTRAINT; Schema: public; Owner: uber
--

ALTER TABLE ONLY public.tipo
    ADD CONSTRAINT tipo_pkey PRIMARY KEY (id);


--
-- Name: tipo tipo_sigla_key; Type: CONSTRAINT; Schema: public; Owner: uber
--

ALTER TABLE ONLY public.tipo
    ADD CONSTRAINT tipo_sigla_key UNIQUE (sigla);


--
-- Name: movimento movimento_carro_fkey; Type: FK CONSTRAINT; Schema: public; Owner: uber
--

ALTER TABLE ONLY public.movimento
    ADD CONSTRAINT movimento_carro_fkey FOREIGN KEY (carro) REFERENCES public.carro(id);


--
-- Name: movimento movimento_tipo_fkey; Type: FK CONSTRAINT; Schema: public; Owner: uber
--

ALTER TABLE ONLY public.movimento
    ADD CONSTRAINT movimento_tipo_fkey FOREIGN KEY (tipo) REFERENCES public.tipo(id);


--
-- PostgreSQL database dump complete
--

\unrestrict Y0KuutJq5F2QOH6JyLgLQuAMFvMrji9DrJ8QaYrLJVSMgG2FTwF1oztMBLgrbCY

